# There is insufficient memory for the Java Runtime Environment to continue.
# Native memory allocation (mmap) failed to map 65536 bytes. Error detail: Failed to commit metaspace.
# Possible reasons:
#   The system is out of physical RAM or swap space
#   This process is running with CompressedOops enabled, and the Java Heap may be blocking the growth of the native heap
# Possible solutions:
#   Reduce memory load on the system
#   Increase physical memory or swap space
#   Check if swap backing store is full
#   Decrease Java heap size (-Xmx/-Xms)
#   Decrease number of Java threads
#   Decrease Java thread stack sizes (-Xss)
#   Set larger code cache with -XX:ReservedCodeCacheSize=
#   JVM is running with Unscaled Compressed Oops mode in which the Java heap is
#     placed in the first 4GB address space. The Java Heap base address is the
#     maximum limit for the native heap growth. Please use -XX:HeapBaseMinAddress
#     to set the Java Heap base and to place the Java Heap above 4GB virtual address.
# This output file may be truncated or incomplete.
#
#  Out of Memory Error (virtualSpaceNode.cpp:113), pid=9144, tid=12440
#
# JRE version: OpenJDK Runtime Environment Temurin-21.0.12.1+1 (21.0.12.1+1) (build 21.0.12.1+1-LTS)
# Java VM: OpenJDK 64-Bit Server VM Temurin-21.0.12.1+1 (21.0.12.1+1-LTS, mixed mode, sharing, tiered, compressed oops, compressed class ptrs, parallel gc, windows-amd64)
# No core dump will be written. Minidumps are not enabled by default on client versions of Windows
#

---------------  S U M M A R Y ------------

Command Line: --add-modules=ALL-SYSTEM --add-opens=java.base/java.util=ALL-UNNAMED --add-opens=java.base/java.lang=ALL-UNNAMED --add-opens=java.base/sun.nio.fs=ALL-UNNAMED -Declipse.application=org.eclipse.jdt.ls.core.id1 -Dosgi.bundles.defaultStartLevel=4 -Declipse.product=org.eclipse.jdt.ls.core.product -Djava.import.generatesMetadataFilesAtProjectRoot=false -Dm2e.project.cache.size=50 -DDetectVMInstallationsJob.disabled=true -Dfile.encoding=utf8 -XX:+UseParallelGC -XX:GCTimeRatio=4 -XX:AdaptiveSizePolicyWeight=90 -Dsun.zip.disableMemoryMapping=true -Xmx2G -Xms100m -Xlog:disable -javaagent:c:\Users\HNC140923\.vscode\extensions\redhat.java-1.56.0-win32-x64\lombok\lombok-1.18.39-4050.jar -XX:+HeapDumpOnOutOfMemoryError -XX:HeapDumpPath=c:\Users\HNC140923\AppData\Roaming\Code\User\workspaceStorage\21cd586050612c21c0e6934e6d9f83d8\redhat.java -Daether.dependencyCollector.impl=bf c:\Users\HNC140923\.vscode\extensions\redhat.java-1.56.0-win32-x64\server\plugins\org.eclipse.equinox.launcher_1.8.0.v20260804-1928.jar -configuration c:\Users\HNC140923\AppData\Roaming\Code\User\globalStorage\redhat.java\1.56.0\config_win -data c:\Users\HNC140923\AppData\Roaming\Code\User\workspaceStorage\21cd586050612c21c0e6934e6d9f83d8\redhat.java\jdt_ws --pipe=\\.\pipe\lsp-9d971aa2dfeaef334f23a7ba665c0f42-sock

Host: Intel(R) Core(TM) i3-1005G1 CPU @ 1.20GHz, 4 cores, 3G,  Windows 11 , 64 bit Build 26100 (10.0.26100.9168)
Time: Fri Sep  4 19:19:21 2026 SE Asia Standard Time elapsed time: 15.169533 seconds (0d 0h 0m 15s)

---------------  T H R E A D  ---------------

Current thread (0x00000264fe51ec40):  JavaThread "Start Level: Equinox Container: b7e39878-7322-4c10-a801-2f0fa1b9ca21" daemon [_thread_in_vm, id=12440, stack(0x000000aa3e000000,0x000000aa3e100000) (1024K)]

Stack: [0x000000aa3e000000,0x000000aa3e100000]
Native frames: (J=compiled Java code, j=interpreted, Vv=VM code, C=native code)
V  [jvm.dll+0x6d83e9]
V  [jvm.dll+0x8b5736]
V  [jvm.dll+0x8b7cee]
V  [jvm.dll+0x8b83d3]
V  [jvm.dll+0x284596]
V  [jvm.dll+0x8b147e]
V  [jvm.dll+0x679ad4]
V  [jvm.dll+0x1e849b]
V  [jvm.dll+0x1e825e]
V  [jvm.dll+0x67c3d2]
V  [jvm.dll+0x67c202]
V  [jvm.dll+0x67a4ae]
V  [jvm.dll+0x26f816]
V  [jvm.dll+0x21a11f]
V  [jvm.dll+0x20f80e]
V  [jvm.dll+0x5b6a7f]
V  [jvm.dll+0x82f606]
V  [jvm.dll+0x4792f8]
V  [jvm.dll+0x47f128]
C  [java.dll+0x17ec]

Java frames: (J=compiled Java code, j=interpreted, Vv=VM code)
J 1132  java.lang.ClassLoader.defineClass1(Ljava/lang/ClassLoader;Ljava/lang/String;[BIILjava/security/ProtectionDomain;Ljava/lang/String;)Ljava/lang/Class; java.base@21.0.12.1 (0 bytes) @ 0x00000264f12f6611 [0x00000264f12f6540+0x00000000000000d1]
J 1885 c1 java.lang.ClassLoader.defineClass(Ljava/lang/String;[BIILjava/security/ProtectionDomain;)Ljava/lang/Class; java.base@21.0.12.1 (43 bytes) @ 0x00000264e9b2f3fc [0x00000264e9b2f0a0+0x000000000000035c]
J 2973 c1 org.eclipse.osgi.internal.loader.ModuleClassLoader.defineClass(Ljava/lang/String;[BLorg/eclipse/osgi/internal/loader/classpath/ClasspathEntry;)Lorg/eclipse/osgi/internal/loader/ModuleClassLoader$DefineClassResult; (67 bytes) @ 0x00000264e9da82bc [0x00000264e9da7fa0+0x000000000000031c]
J 2818 c1 org.eclipse.osgi.internal.loader.classpath.ClasspathManager.defineClass(Ljava/lang/String;[BLorg/eclipse/osgi/internal/loader/classpath/ClasspathEntry;Lorg/eclipse/osgi/storage/bundlefile/BundleEntry;Ljava/util/List;)Ljava/lang/Class; (636 bytes) @ 0x00000264e9d41474 [0x00000264e9d3f9c0+0x0000000000001ab4]
J 2819 c1 org.eclipse.osgi.internal.loader.classpath.ClasspathManager.findClassImpl(Ljava/lang/String;Lorg/eclipse/osgi/internal/loader/classpath/ClasspathEntry;Ljava/util/List;)Ljava/lang/Class; (328 bytes) @ 0x00000264e9d48844 [0x00000264e9d45500+0x0000000000003344]
J 2878 c1 org.eclipse.osgi.internal.loader.classpath.ClasspathManager.findLocalClassImpl(Ljava/lang/String;[Lorg/eclipse/osgi/internal/loader/classpath/ClasspathEntry;Ljava/util/List;)Ljava/lang/Class; (55 bytes) @ 0x00000264e9d6c564 [0x00000264e9d6c3e0+0x0000000000000184]
J 2646 c1 org.eclipse.osgi.internal.loader.classpath.ClasspathManager.findLocalClassImpl(Ljava/lang/String;Ljava/util/List;)Ljava/lang/Class; (132 bytes) @ 0x00000264e9cca494 [0x00000264e9cc9f60+0x0000000000000534]
J 2801 c1 org.eclipse.osgi.internal.loader.classpath.ClasspathManager.findLocalClass(Ljava/lang/String;)Ljava/lang/Class; (210 bytes) @ 0x00000264e9d30c24 [0x00000264e9d2ff60+0x0000000000000cc4]
J 2527 c1 org.eclipse.osgi.internal.loader.BundleLoader.findLocalClass(Ljava/lang/String;)Ljava/lang/Class; (159 bytes) @ 0x00000264e9c993cc [0x00000264e9c987e0+0x0000000000000bec]
J 2815 c1 org.eclipse.osgi.internal.loader.sources.SingleSourcePackage.loadClass(Ljava/lang/String;)Ljava/lang/Class; (9 bytes) @ 0x00000264e9d3e8cc [0x00000264e9d3e7c0+0x000000000000010c]
J 2480 c1 org.eclipse.osgi.internal.loader.BundleLoader.findClass0(Ljava/lang/String;ZZ)Ljava/lang/Class; (490 bytes) @ 0x00000264e9c7eabc [0x00000264e9c7ba40+0x000000000000307c]
J 2450 c1 org.eclipse.osgi.internal.loader.BundleLoader.findClass(Ljava/lang/String;)Ljava/lang/Class; (8 bytes) @ 0x00000264e9c6874c [0x00000264e9c686c0+0x000000000000008c]
J 2451 c1 org.eclipse.osgi.internal.loader.ModuleClassLoader.loadClass(Ljava/lang/String;Z)Ljava/lang/Class; (36 bytes) @ 0x00000264e9c68ccc [0x00000264e9c68aa0+0x000000000000022c]
J 1027 c1 java.lang.ClassLoader.loadClass(Ljava/lang/String;)Ljava/lang/Class; java.base@21.0.12.1 (7 bytes) @ 0x00000264e994ca54 [0x00000264e994c940+0x0000000000000114]
v  ~StubRoutines::call_stub 0x00000264f0ce10e7
j  java.lang.Class.getDeclaredConstructors0(Z)[Ljava/lang/reflect/Constructor;+0 java.base@21.0.12.1
j  java.lang.Class.privateGetDeclaredConstructors(Z)[Ljava/lang/reflect/Constructor;+52 java.base@21.0.12.1
j  java.lang.Class.getConstructor0([Ljava/lang/Class;I)Ljava/lang/reflect/Constructor;+14 java.base@21.0.12.1
j  java.lang.Class.getConstructor([Ljava/lang/Class;)Ljava/lang/reflect/Constructor;+24 java.base@21.0.12.1
j  org.eclipse.osgi.internal.framework.BundleContextImpl.loadBundleActivator()Lorg/osgi/framework/BundleActivator;+105
j  org.eclipse.osgi.internal.framework.BundleContextImpl.start()V+18
j  org.eclipse.osgi.internal.framework.EquinoxBundle.startWorker0()V+35
j  org.eclipse.osgi.internal.framework.EquinoxBundle$EquinoxModule.startWorker()V+4
j  org.eclipse.osgi.container.Module.doStart([Lorg/eclipse/osgi/container/Module$StartOptions;)Lorg/eclipse/osgi/container/ModuleContainerAdaptor$ModuleEvent;+200
j  org.eclipse.osgi.container.Module.start([Lorg/eclipse/osgi/container/Module$StartOptions;)V+460
j  org.eclipse.osgi.container.ModuleContainer$ContainerStartLevel$2.run()V+83
j  org.eclipse.osgi.internal.framework.EquinoxContainerAdaptor$1$1.execute(Ljava/lang/Runnable;)V+1
j  org.eclipse.osgi.container.ModuleContainer$ContainerStartLevel.incStartLevel(ILjava/util/List;Z)V+193
j  org.eclipse.osgi.container.ModuleContainer$ContainerStartLevel.incStartLevel(ILjava/util/List;Ljava/util/List;Ljava/util/List;Ljava/util/List;)V+19
j  org.eclipse.osgi.container.ModuleContainer$ContainerStartLevel.doContainerStartLevel(Lorg/eclipse/osgi/container/Module;I[Lorg/osgi/framework/FrameworkListener;)V+358
j  org.eclipse.osgi.container.ModuleContainer$ContainerStartLevel.dispatchEvent(Lorg/eclipse/osgi/container/Module;[Lorg/osgi/framework/FrameworkListener;ILjava/lang/Integer;)V+32
j  org.eclipse.osgi.container.ModuleContainer$ContainerStartLevel.dispatchEvent(Ljava/lang/Object;Ljava/lang/Object;ILjava/lang/Object;)V+15
j  org.eclipse.osgi.framework.eventmgr.EventManager.dispatchEvent(Ljava/util/Set;Lorg/eclipse/osgi/framework/eventmgr/EventDispatcher;ILjava/lang/Object;)V+48
j  org.eclipse.osgi.framework.eventmgr.EventManager$EventThread.run()V+26
v  ~StubRoutines::call_stub 0x00000264f0ce10e7

Compiled method (n/a) 15591 1132     n 0       java.lang.ClassLoader::defineClass1 (native)
 total in heap  [0x00000264f12f6390,0x00000264f12f6818] = 1160
 relocation     [0x00000264f12f64f0,0x00000264f12f6528] = 56
 main code      [0x00000264f12f6540,0x00000264f12f6816] = 726
 stub code      [0x00000264f12f6816,0x00000264f12f6818] = 2

[Constant Pool (empty)]

[MachCode]
[Entry Point]
  # {method} {0x0000026480434c38} 'defineClass1' '(Ljava/lang/ClassLoader;Ljava/lang/String;[BIILjava/security/ProtectionDomain;Ljava/lang/String;)Ljava/lang/Class;' in 'java/lang/ClassLoader'
  # parm0:    rdx:rdx   = 'java/lang/ClassLoader'
  # parm1:    r8:r8     = 'java/lang/String'
  # parm2:    r9:r9     = '[B'
  # parm3:    rdi       = int
  # parm4:    rsi       = int
  # parm5:    rcx:rcx   = 'java/security/ProtectionDomain'
  # parm6:    [sp+0xa0]   = 'java/lang/String'  (sp of caller)
  0x00000264f12f6540: 448b 5208 | 49bb 0000 | 0080 6402 | 0000 4d03 | d349 3bc2 | 0f84 0600 

  0x00000264f12f6558: ;   {runtime_call ic_miss_stub}
  0x00000264f12f6558: 0000 e921 | 81a3 ff90 
[Verified Entry Point]
  0x00000264f12f6560: 8984 2400 | 80ff ff55 | 488b ec48 | 81ec 9000 | 0000 6690 | 4181 7f20 | 0200 0000 

  0x00000264f12f657c: ;   {runtime_call StubRoutines (final stubs)}
  0x00000264f12f657c: 7405 e87d | 72a2 ff48 | 837d 1000 | 488d 4510 | 480f 4445 | 1048 8944 | 2440 4889 | 4c24 7048 
  0x00000264f12f659c: 83f9 0048 | 8d44 2470 | 480f 4444 | 2470 4889 | 4424 3848 | 8974 2430 | 4889 7c24 | 284c 894c 
  0x00000264f12f65bc: 2458 4983 | f900 488d | 4424 5848 | 0f44 4424 | 5848 8944 | 2420 4c89 | 4424 5049 | 83f8 004c 
  0x00000264f12f65dc: 8d4c 2450 | 4c0f 444c | 2450 4889 | 5424 4848 | 83fa 004c | 8d44 2448 | 4c0f 4444 

  0x00000264f12f65f8: ;   {oop(a 'java/lang/Class'{0x00000000807f13b8} = 'java/lang/ClassLoader')}
  0x00000264f12f65f8: 2448 49be | b813 7f80 | 0000 0000 | 4c89 7424 | 784c 8d74 | 2478 498b | d6c5 f877 

  0x00000264f12f6614: ;   {internal_word}
  0x00000264f12f6614: 49ba 1166 | 2ff1 6402 | 0000 4d89 | 97a8 0300 | 0049 89a7 | a003 0000 

  0x00000264f12f662c: ;   {external_word}
  0x00000264f12f662c: 49ba 066d | eb8a fd7f | 0000 4180 | 3a00 0f84 | 4e00 0000 | 5241 5041 

  0x00000264f12f6644: ;   {metadata({method} {0x0000026480434c38} 'defineClass1' '(Ljava/lang/ClassLoader;Ljava/lang/String;[BIILjava/security/ProtectionDomain;Ljava/lang/String;)Ljava/lang/Class;' in 'java/lang/ClassLoader')}
  0x00000264f12f6644: 5148 ba30 | 4c43 8064 | 0200 0049 | 8bcf 4883 | ec20 40f6 | c40f 0f84 | 1900 0000 | 4883 ec08 
  0x00000264f12f6664: ;   {runtime_call}
  0x00000264f12f6664: 48b8 e0ea | 948a fd7f | 0000 ffd0 | 4883 c408 | e90c 0000 

  0x00000264f12f6678: ;   {runtime_call}
  0x00000264f12f6678: 0048 b8e0 | ea94 8afd | 7f00 00ff | d048 83c4 | 2041 5941 | 585a 498d | 8fc0 0300 | 0041 c787 
  0x00000264f12f6698: 4c04 0000 | 0400 0000 

  0x00000264f12f66a0: ;   {runtime_call}
  0x00000264f12f66a0: 48b8 ac16 | 0d56 fe7f | 0000 ffd0 | c5f8 7741 | c787 4c04 | 0000 0500 | 0000 f083 | 4424 c000 
  0x00000264f12f66c0: 493b af50 | 0400 000f | 870e 0000 | 0041 83bf | 4804 0000 | 000f 842b | 0000 00c5 | f877 4889 
  0x00000264f12f66e0: 45f8 498b | cf4c 8be4 | 4883 ec20 | 4883 e4f0 

  0x00000264f12f66f0: ;   {runtime_call}
  0x00000264f12f66f0: 48b8 0058 | 608a fd7f | 0000 ffd0 | 498b e44d | 33e4 488b | 45f8 41c7 | 874c 0400 | 0008 0000 
  0x00000264f12f6710: 0041 83bf | c804 0000 | 020f 84ca 

  0x00000264f12f671c: ;   {external_word}
  0x00000264f12f671c: 0000 0049 | ba06 6deb | 8afd 7f00 | 0041 803a | 000f 844c | 0000 0048 

  0x00000264f12f6734: ;   {metadata({method} {0x0000026480434c38} 'defineClass1' '(Ljava/lang/ClassLoader;Ljava/lang/String;[BIILjava/security/ProtectionDomain;Ljava/lang/String;)Ljava/lang/Class;' in 'java/lang/ClassLoader')}
  0x00000264f12f6734: 8945 f848 | ba30 4c43 | 8064 0200 | 0049 8bcf | 4883 ec20 | 40f6 c40f | 0f84 1900 | 0000 4883 
  0x00000264f12f6754: ;   {runtime_call}
  0x00000264f12f6754: ec08 48b8 | e0ea 948a | fd7f 0000 | ffd0 4883 | c408 e90c 

  0x00000264f12f6768: ;   {runtime_call}
  0x00000264f12f6768: 0000 0048 | b8e0 ea94 | 8afd 7f00 | 00ff d048 | 83c4 2048 | 8b45 f849 | c787 a003 | 0000 0000 
  0x00000264f12f6788: 0000 49c7 | 87a8 0300 | 0000 0000 | 00c5 f877 | 4885 c00f | 8425 0000 | 00a8 030f | 8508 0000 
  0x00000264f12f67a8: 0048 8b00 | e915 0000 | 00a8 010f | 8509 0000 | 0048 8b40 | fee9 0400 | 0000 488b | 40ff 498b 
  0x00000264f12f67c8: 8f30 0400 | 00c7 8100 | 0100 0000 | 0000 00c9 | 4983 7f08 | 000f 8501 | 0000 00c3 

  0x00000264f12f67e4: ;   {runtime_call StubRoutines (initial stubs)}
  0x00000264f12f67e4: e917 a79e | ffc5 f877 | 4889 45f8 | 4c8b e448 | 83ec 2048 

  0x00000264f12f67f8: ;   {runtime_call}
  0x00000264f12f67f8: 83e4 f048 | b830 2295 | 8afd 7f00 | 00ff d049 | 8be4 4d33 | e448 8b45 | f8e9 09ff | ffff f4f4 
[/MachCode]


Compiled method (c1) 15604 1885       3       java.lang.ClassLoader::defineClass (43 bytes)
 total in heap  [0x00000264e9b2ee90,0x00000264e9b2f7f0] = 2400
 relocation     [0x00000264e9b2eff0,0x00000264e9b2f090] = 160
 main code      [0x00000264e9b2f0a0,0x00000264e9b2f540] = 1184
 stub code      [0x00000264e9b2f540,0x00000264e9b2f5b8] = 120
 metadata       [0x00000264e9b2f5b8,0x00000264e9b2f5e8] = 48
 scopes data    [0x00000264e9b2f5e8,0x00000264e9b2f6d8] = 240
 scopes pcs     [0x00000264e9b2f6d8,0x00000264e9b2f7b8] = 224
 dependencies   [0x00000264e9b2f7b8,0x00000264e9b2f7c8] = 16
 nul chk table  [0x00000264e9b2f7c8,0x00000264e9b2f7f0] = 40

[Constant Pool (empty)]

[MachCode]
[Entry Point]
  # {method} {0x0000026480434fb8} 'defineClass' '(Ljava/lang/String;[BIILjava/security/ProtectionDomain;)Ljava/lang/Class;' in 'java/lang/ClassLoader'
  # this:     rdx:rdx   = 'java/lang/ClassLoader'
  # parm0:    r8:r8     = 'java/lang/String'
  # parm1:    r9:r9     = '[B'
  # parm2:    rdi       = int
  # parm3:    rsi       = int
  # parm4:    rcx:rcx   = 'java/security/ProtectionDomain'
  #           [sp+0xc0]  (sp of caller)
  0x00000264e9b2f0a0: 448b 5208 | 49bb 0000 | 0080 6402 | 0000 4d03 | d34c 3bd0 

  0x00000264e9b2f0b4: ;   {runtime_call ic_miss_stub}
  0x00000264e9b2f0b4: 0f85 c6f5 | 1f07 660f | 1f44 0000 
[Verified Entry Point]
  0x00000264e9b2f0c0: 8984 2400 | 80ff ff55 | 4881 ecb0 | 0000 0090 | 4181 7f20 | 0200 0000 

  0x00000264e9b2f0d8: ;   {runtime_call StubRoutines (final stubs)}
  0x00000264e9b2f0d8: 7405 e821 | e71e 0748 | 8954 2478 

  0x00000264e9b2f0e4: ;   {metadata(method data for {method} {0x0000026480434fb8} 'defineClass' '(Ljava/lang/String;[BIILjava/security/ProtectionDomain;)Ljava/lang/Class;' in 'java/lang/ClassLoader')}
  0x00000264e9b2f0e4: 48bb 98fc | 37c1 6402 | 0000 8b83 | cc00 0000 | 83c0 0289 | 83cc 0000 | 0025 fe07 | 0000 85c0 
  0x00000264e9b2f104: 0f84 5803 | 0000 89b4 | 2494 0000 | 0089 bc24 | 9000 0000 | 4c89 8c24 | 8800 0000 

  0x00000264e9b2f120: ;   {metadata(method data for {method} {0x0000026480434fb8} 'defineClass' '(Ljava/lang/String;[BIILjava/security/ProtectionDomain;)Ljava/lang/Class;' in 'java/lang/ClassLoader')}
  0x00000264e9b2f120: 488b da48 | b898 fc37 | c164 0200 | 0048 8380 | 1001 0000 | 0149 8bd8 | 4c8b c34c | 8bc9 488b 
  0x00000264e9b2f140: ca48 8bd1 | 4889 9c24 | 8000 0000 

  0x00000264e9b2f14c: ;   {optimized virtual_call}
  0x00000264e9b2f14c: 6666 90e8 

  0x00000264e9b2f150: ; ImmutableOopMap {[120]=Oop [128]=Oop [136]=Oop }
                      ;*invokevirtual preDefineClass {reexecute=0 rethrow=0 return_oop=0}
                      ; - java.lang.ClassLoader::defineClass@4
  0x00000264e9b2f150: 4ca9 ecff 

  0x00000264e9b2f154: ;   {other}
  0x00000264e9b2f154: 0f1f 8400 | c402 0000 | 4889 8424 | 9800 0000 | 488b 5424 

  0x00000264e9b2f168: ;   {metadata(method data for {method} {0x0000026480434fb8} 'defineClass' '(Ljava/lang/String;[BIILjava/security/ProtectionDomain;)Ljava/lang/Class;' in 'java/lang/ClassLoader')}
  0x00000264e9b2f168: 7849 b898 | fc37 c164 | 0200 0049 | 8380 4801 

  0x00000264e9b2f178: ;   {metadata(method data for {method} {0x0000026480434ca0} 'defineClassSourceLocation' '(Ljava/security/ProtectionDomain;)Ljava/lang/String;' in 'java/lang/ClassLoader')}
  0x00000264e9b2f178: 0000 0149 | b8b0 0338 | c164 0200 | 0041 8b90 | cc00 0000 | 83c2 0241 | 8990 cc00 | 0000 81e2 
  0x00000264e9b2f198: feff 1f00 | 85d2 0f84 | df02 0000 

  0x00000264e9b2f1a4: ; implicit exception: dispatches to 0x00000264e9b2f4a4
  0x00000264e9b2f1a4: 483b 004c 

  0x00000264e9b2f1a8: ;   {metadata(method data for {method} {0x0000026480434ca0} 'defineClassSourceLocation' '(Ljava/security/ProtectionDomain;)Ljava/lang/String;' in 'java/lang/ClassLoader')}
  0x00000264e9b2f1a8: 8bc0 48ba | b003 38c1 | 6402 0000 | 4883 8210 | 0100 0001 | 448b 4010 

  0x00000264e9b2f1c0: ;   {metadata(method data for {method} {0x0000026480434ca0} 'defineClassSourceLocation' '(Ljava/security/ProtectionDomain;)Ljava/lang/String;' in 'java/lang/ClassLoader')}
  0x00000264e9b2f1c0: 4d85 c048 | bab0 0338 | c164 0200 | 0048 c7c6 | 5801 0000 | 7507 48c7 | c648 0100 | 0048 8b3c 
  0x00000264e9b2f1e0: 3248 8d7f | 0148 893c | 320f 850f 

  0x00000264e9b2f1ec: ;   {oop(nullptr)}
  0x00000264e9b2f1ec: 0000 0048 | bb00 0000 | 0000 0000 | 00e9 a901 | 0000 493b | 0049 8bd0 

  0x00000264e9b2f204: ;   {metadata(method data for {method} {0x0000026480434ca0} 'defineClassSourceLocation' '(Ljava/security/ProtectionDomain;)Ljava/lang/String;' in 'java/lang/ClassLoader')}
  0x00000264e9b2f204: 48be b003 | 38c1 6402 | 0000 4883 | 8668 0100 | 0001 418b | 500c 4885 

  0x00000264e9b2f21c: ;   {metadata(method data for {method} {0x0000026480434ca0} 'defineClassSourceLocation' '(Ljava/security/ProtectionDomain;)Ljava/lang/String;' in 'java/lang/ClassLoader')}
  0x00000264e9b2f21c: d248 beb0 | 0338 c164 | 0200 0048 | c7c7 b001 | 0000 7507 | 48c7 c7a0 | 0100 0048 | 8b1c 3e48 
  0x00000264e9b2f23c: 8d5b 0148 | 891c 3e0f | 850f 0000 

  0x00000264e9b2f248: ;   {oop(nullptr)}
  0x00000264e9b2f248: 0048 bb00 | 0000 0000 | 0000 00e9 | 4f01 0000 

  0x00000264e9b2f258: ;   {metadata(method data for {method} {0x0000026480434ca0} 'defineClassSourceLocation' '(Ljava/security/ProtectionDomain;)Ljava/lang/String;' in 'java/lang/ClassLoader')}
  0x00000264e9b2f258: 48be b003 | 38c1 6402 | 0000 4883 | 86c0 0100 | 0001 483b | 024c 8bc2 

  0x00000264e9b2f270: ;   {metadata(method data for {method} {0x0000026480434ca0} 'defineClassSourceLocation' '(Ljava/security/ProtectionDomain;)Ljava/lang/String;' in 'java/lang/ClassLoader')}
  0x00000264e9b2f270: 48be b003 | 38c1 6402 | 0000 4883 | 86f8 0100 

  0x00000264e9b2f280: ;   {metadata(method data for {method} {0x000002648001abf0} 'toString' '()Ljava/lang/String;' in 'java/net/URL')}
  0x00000264e9b2f280: 0001 49b8 | 80f7 37c1 | 6402 0000 | 418b b0cc | 0000 0083 | c602 4189 | b0cc 0000 | 0081 e6fe 
  0x00000264e9b2f2a0: ff1f 0085 | f60f 8408 | 0200 004c 

  0x00000264e9b2f2ac: ;   {metadata(method data for {method} {0x000002648001abf0} 'toString' '()Ljava/lang/String;' in 'java/net/URL')}
  0x00000264e9b2f2ac: 8bc2 48be | 80f7 37c1 | 6402 0000 | 4883 8610 | 0100 0001 

  0x00000264e9b2f2c0: ;   {metadata(method data for {method} {0x0000026480428840} 'toExternalForm' '()Ljava/lang/String;' in 'java/net/URL')}
  0x00000264e9b2f2c0: 49b8 2891 | 37c1 6402 | 0000 418b | b0cc 0000 | 0083 c602 | 4189 b0cc | 0000 0081 | e6fe ff1f 
  0x00000264e9b2f2e0: 0085 f60f | 84eb 0100 | 008b 7238 

  0x00000264e9b2f2ec: ; implicit exception: dispatches to 0x00000264e9b2f4f5
  0x00000264e9b2f2ec: 483b 064c 

  0x00000264e9b2f2f0: ;   {metadata(method data for {method} {0x0000026480428840} 'toExternalForm' '()Ljava/lang/String;' in 'java/net/URL')}
  0x00000264e9b2f2f0: 8bc6 48bf | 2891 37c1 | 6402 0000 | 458b 4008 | 49ba 0000 | 0080 6402 | 0000 4d03 | c24c 3b87 
  0x00000264e9b2f310: 2001 0000 | 750d 4883 | 8728 0100 | 0001 e960 | 0000 004c | 3b87 3001 | 0000 750d | 4883 8738 
  0x00000264e9b2f330: 0100 0001 | e94a 0000 | 0048 83bf | 2001 0000 | 0075 174c | 8987 2001 | 0000 48c7 | 8728 0100 
  0x00000264e9b2f350: 0001 0000 | 00e9 2900 | 0000 4883 | bf30 0100 | 0000 7517 | 4c89 8730 | 0100 0048 | c787 3801 
  0x00000264e9b2f370: 0000 0100 | 0000 e908 | 0000 0048 | 8387 1001 | 0000 014c | 8bc2 488b | d60f 1f40 | 0048 b8ff 
  0x00000264e9b2f390: ffff ffff 

  0x00000264e9b2f394: ;   {virtual_call}
  0x00000264e9b2f394: ffff ffe8 

  0x00000264e9b2f398: ; ImmutableOopMap {[120]=Oop [128]=Oop [136]=Oop [152]=Oop }
                      ;*invokevirtual toExternalForm {reexecute=0 rethrow=0 return_oop=0}
                      ; - java.net.URL::toExternalForm@5
                      ; - java.net.URL::toString@1
                      ; - java.lang.ClassLoader::defineClassSourceLocation@22
                      ; - java.lang.ClassLoader::defineClass@12
  0x00000264e9b2f398: 14b5 2b07 

  0x00000264e9b2f39c: ;   {other}
  0x00000264e9b2f39c: 0f1f 8400 | 0c05 0001 | 488b d848 | 8b84 2498 | 0000 008b | b424 9400 | 0000 8bbc | 2490 0000 
  0x00000264e9b2f3bc: 004c 8b8c | 2488 0000 | 004c 8b84 | 2480 0000 | 0048 8b54 

  0x00000264e9b2f3d0: ;   {metadata(method data for {method} {0x0000026480434fb8} 'defineClass' '(Ljava/lang/String;[BIILjava/security/ProtectionDomain;)Ljava/lang/Class;' in 'java/lang/ClassLoader')}
  0x00000264e9b2f3d0: 2478 48b9 | 98fc 37c1 | 6402 0000 | 4883 8180 | 0100 0001 | 4c8b da49 | 8bd3 488b | c848 891c 
  0x00000264e9b2f3f0: 2466 0f1f 

  0x00000264e9b2f3f4: ;   {static_call}
  0x00000264e9b2f3f4: 4400 00e8 

  0x00000264e9b2f3f8: ; ImmutableOopMap {[120]=Oop [152]=Oop }
                      ;*invokestatic defineClass1 {reexecute=0 rethrow=0 return_oop=0}
                      ; - java.lang.ClassLoader::defineClass@27
  0x00000264e9b2f3f8: 6471 7c07 

  0x00000264e9b2f3fc: ;   {other}
  0x00000264e9b2f3fc: 0f1f 8400 | 6c05 0002 | 488b 5424 

  0x00000264e9b2f408: ;   {metadata(method data for {method} {0x0000026480434fb8} 'defineClass' '(Ljava/lang/String;[BIILjava/security/ProtectionDomain;)Ljava/lang/Class;' in 'java/lang/ClassLoader')}
  0x00000264e9b2f408: 7849 b898 | fc37 c164 | 0200 0049 | 8380 9001 | 0000 014c | 8bc0 4c8b | 8c24 9800 | 0000 488b 
  0x00000264e9b2f428: 5424 7848 | 8984 24a0 | 0000 000f 

  0x00000264e9b2f434: ;   {optimized virtual_call}
  0x00000264e9b2f434: 1f40 00e8 

  0x00000264e9b2f438: ; ImmutableOopMap {[160]=Oop }
                      ;*invokevirtual postDefineClass {reexecute=0 rethrow=0 return_oop=0}
                      ; - java.lang.ClassLoader::defineClass@37
  0x00000264e9b2f438: e48b f7ff 

  0x00000264e9b2f43c: ;   {other}
  0x00000264e9b2f43c: 0f1f 8400 | ac05 0003 | 488b 8424 | a000 0000 | 4881 c4b0 | 0000 005d 

  0x00000264e9b2f454: ;   {poll_return}
  0x00000264e9b2f454: 493b a750 | 0400 000f | 8799 0000 

  0x00000264e9b2f460: ;   {metadata({method} {0x0000026480434fb8} 'defineClass' '(Ljava/lang/String;[BIILjava/security/ProtectionDomain;)Ljava/lang/Class;' in 'java/lang/ClassLoader')}
  0x00000264e9b2f460: 00c3 49ba | b04f 4380 | 6402 0000 | 4c89 5424 | 0848 c704 | 24ff ffff 

  0x00000264e9b2f478: ;   {runtime_call counter_overflow Runtime1 stub}
  0x00000264e9b2f478: ffe8 8285 

  0x00000264e9b2f47c: ; ImmutableOopMap {rdx=Oop r8=Oop r9=Oop rcx=Oop [120]=Oop }
                      ;*synchronization entry
                      ; - java.lang.ClassLoader::defineClass@-1
  0x00000264e9b2f47c: 2b07 e987 

  0x00000264e9b2f480: ;   {metadata({method} {0x0000026480434ca0} 'defineClassSourceLocation' '(Ljava/security/ProtectionDomain;)Ljava/lang/String;' in 'java/lang/ClassLoader')}
  0x00000264e9b2f480: fcff ff49 | ba98 4c43 | 8064 0200 | 004c 8954 | 2408 48c7 | 0424 ffff 

  0x00000264e9b2f498: ;   {runtime_call counter_overflow Runtime1 stub}
  0x00000264e9b2f498: ffff e861 

  0x00000264e9b2f49c: ; ImmutableOopMap {rax=Oop [120]=Oop [128]=Oop [136]=Oop [152]=Oop }
                      ;*synchronization entry
                      ; - java.lang.ClassLoader::defineClassSourceLocation@-1
                      ; - java.lang.ClassLoader::defineClass@12
  0x00000264e9b2f49c: 852b 07e9 | 00fd ffff 

  0x00000264e9b2f4a4: ;   {runtime_call throw_null_pointer_exception Runtime1 stub}
  0x00000264e9b2f4a4: e877 3f22 

  0x00000264e9b2f4a8: ; ImmutableOopMap {rax=Oop [120]=Oop [128]=Oop [136]=Oop [152]=Oop }
                      ;*invokevirtual getCodeSource {reexecute=0 rethrow=0 return_oop=0}
                      ; - java.lang.ClassLoader::defineClassSourceLocation@1
                      ; - java.lang.ClassLoader::defineClass@12
                      ;   {runtime_call throw_null_pointer_exception Runtime1 stub}
  0x00000264e9b2f4a8: 07e8 723f 

  0x00000264e9b2f4ac: ; ImmutableOopMap {rax=Oop r8=Oop [120]=Oop [128]=Oop [136]=Oop [152]=Oop }
                      ;*invokevirtual getLocation {reexecute=0 rethrow=0 return_oop=0}
                      ; - java.lang.ClassLoader::defineClassSourceLocation@12
                      ; - java.lang.ClassLoader::defineClass@12
                      ;   {runtime_call throw_null_pointer_exception Runtime1 stub}
  0x00000264e9b2f4ac: 2207 e86d 

  0x00000264e9b2f4b0: ; ImmutableOopMap {rdx=Oop [120]=Oop [128]=Oop [136]=Oop [152]=Oop }
                      ;*invokevirtual toString {reexecute=0 rethrow=0 return_oop=0}
                      ; - java.lang.ClassLoader::defineClassSourceLocation@22
                      ; - java.lang.ClassLoader::defineClass@12
                      ;   {metadata({method} {0x000002648001abf0} 'toString' '()Ljava/lang/String;' in 'java/net/URL')}
  0x00000264e9b2f4b0: 3f22 0749 | bae8 ab01 | 8064 0200 | 004c 8954 | 2408 48c7 | 0424 ffff 

  0x00000264e9b2f4c8: ;   {runtime_call counter_overflow Runtime1 stub}
  0x00000264e9b2f4c8: ffff e831 

  0x00000264e9b2f4cc: ; ImmutableOopMap {rdx=Oop [120]=Oop [128]=Oop [136]=Oop [152]=Oop }
                      ;*synchronization entry
                      ; - java.net.URL::toString@-1
                      ; - java.lang.ClassLoader::defineClassSourceLocation@22
                      ; - java.lang.ClassLoader::defineClass@12
  0x00000264e9b2f4cc: 852b 07e9 | d7fd ffff 

  0x00000264e9b2f4d4: ;   {metadata({method} {0x0000026480428840} 'toExternalForm' '()Ljava/lang/String;' in 'java/net/URL')}
  0x00000264e9b2f4d4: 49ba 3888 | 4280 6402 | 0000 4c89 | 5424 0848 | c704 24ff 

  0x00000264e9b2f4e8: ;   {runtime_call counter_overflow Runtime1 stub}
  0x00000264e9b2f4e8: ffff ffe8 

  0x00000264e9b2f4ec: ; ImmutableOopMap {rdx=Oop [120]=Oop [128]=Oop [136]=Oop [152]=Oop }
                      ;*synchronization entry
                      ; - java.net.URL::toExternalForm@-1
                      ; - java.net.URL::toString@1
                      ; - java.lang.ClassLoader::defineClassSourceLocation@22
                      ; - java.lang.ClassLoader::defineClass@12
  0x00000264e9b2f4ec: 1085 2b07 | e9f4 fdff 

  0x00000264e9b2f4f4: ;   {runtime_call throw_null_pointer_exception Runtime1 stub}
  0x00000264e9b2f4f4: ffe8 263f 

  0x00000264e9b2f4f8: ; ImmutableOopMap {rdx=Oop rsi=Oop [120]=Oop [128]=Oop [136]=Oop [152]=Oop }
                      ;*invokevirtual toExternalForm {reexecute=0 rethrow=0 return_oop=0}
                      ; - java.net.URL::toExternalForm@5
                      ; - java.net.URL::toString@1
                      ; - java.lang.ClassLoader::defineClassSourceLocation@22
                      ; - java.lang.ClassLoader::defineClass@12
                      ;   {internal_word}
  0x00000264e9b2f4f8: 2207 49ba | 54f4 b2e9 | 6402 0000 | 4d89 9768 

  0x00000264e9b2f508: ;   {runtime_call SafepointBlob}
  0x00000264e9b2f508: 0400 00e9 | 7066 2007 | 498b 8700 | 0500 0049 | c787 0005 | 0000 0000 | 0000 49c7 | 8708 0500 
  0x00000264e9b2f528: 0000 0000 | 0048 81c4 | b000 0000 

  0x00000264e9b2f534: ;   {runtime_call unwind_exception Runtime1 stub}
  0x00000264e9b2f534: 5de9 c64d | 2207 f4f4 | f4f4 f4f4 
[Stub Code]
  0x00000264e9b2f540: ;   {no_reloc}
  0x00000264e9b2f540: 0f1f 4400 

  0x00000264e9b2f544: ;   {static_stub}
  0x00000264e9b2f544: 0048 bb00 | 0000 0000 

  0x00000264e9b2f54c: ;   {runtime_call nmethod}
  0x00000264e9b2f54c: 0000 00e9 | fbff ffff 

  0x00000264e9b2f554: ;   {static_stub}
  0x00000264e9b2f554: 48bb 0000 | 0000 0000 

  0x00000264e9b2f55c: ;   {runtime_call nmethod}
  0x00000264e9b2f55c: 0000 e9fb 

  0x00000264e9b2f560: ;   {static_stub}
  0x00000264e9b2f560: ffff ff48 | bb00 0000 | 0000 0000 

  0x00000264e9b2f56c: ;   {runtime_call nmethod}
  0x00000264e9b2f56c: 00e9 fbff 

  0x00000264e9b2f570: ;   {static_stub}
  0x00000264e9b2f570: ffff 48bb | 0000 0000 | 0000 0000 

  0x00000264e9b2f57c: ;   {runtime_call nmethod}
  0x00000264e9b2f57c: e9fb ffff 

  0x00000264e9b2f580: ;   {runtime_call handle_exception_from_callee Runtime1 stub}
  0x00000264e9b2f580: ffe8 7a37 

  0x00000264e9b2f584: ;   {external_word}
  0x00000264e9b2f584: 2207 48b9 | 5063 c18a | fd7f 0000 | 4883 e4f0 

  0x00000264e9b2f594: ;   {runtime_call}
  0x00000264e9b2f594: 48b8 c0c9 | 838a fd7f | 0000 ffd0 

  0x00000264e9b2f5a0: ;   {section_word}
  0x00000264e9b2f5a0: f449 baa1 | f5b2 e964 | 0200 0041 

  0x00000264e9b2f5ac: ;   {runtime_call DeoptimizationBlob}
  0x00000264e9b2f5ac: 52e9 6e7a | 2007 f4f4 | f4f4 f4f4 
[/MachCode]


Compiled method (c1) 15623 2973   !   3       org.eclipse.osgi.internal.loader.ModuleClassLoader::defineClass (67 bytes)
 total in heap  [0x00000264e9da7d90,0x00000264e9da8970] = 3040
 relocation     [0x00000264e9da7ef0,0x00000264e9da7f98] = 168
 main code      [0x00000264e9da7fa0,0x00000264e9da85a0] = 1536
 stub code      [0x00000264e9da85a0,0x00000264e9da8610] = 112
 oops           [0x00000264e9da8610,0x00000264e9da8618] = 8
 metadata       [0x00000264e9da8618,0x00000264e9da8658] = 64
 scopes data    [0x00000264e9da8658,0x00000264e9da87a8] = 336
 scopes pcs     [0x00000264e9da87a8,0x00000264e9da88b8] = 272
 dependencies   [0x00000264e9da88b8,0x00000264e9da88d0] = 24
 handler table  [0x00000264e9da88d0,0x00000264e9da8948] = 120
 nul chk table  [0x00000264e9da8948,0x00000264e9da8970] = 40

[Constant Pool (empty)]

[MachCode]
[Entry Point]
  # {method} {0x00000264c15dfd38} 'defineClass' '(Ljava/lang/String;[BLorg/eclipse/osgi/internal/loader/classpath/ClasspathEntry;)Lorg/eclipse/osgi/internal/loader/ModuleClassLoader$DefineClassResult;' in 'org/eclipse/osgi/internal/loader/ModuleClassLoader'
  # this:     rdx:rdx   = 'org/eclipse/osgi/internal/loader/ModuleClassLoader'
  # parm0:    r8:r8     = 'java/lang/String'
  # parm1:    r9:r9     = '[B'
  # parm2:    rdi:rdi   = 'org/eclipse/osgi/internal/loader/classpath/ClasspathEntry'
  #           [sp+0xb0]  (sp of caller)
  0x00000264e9da7fa0: 448b 5208 | 49bb 0000 | 0080 6402 | 0000 4d03 | d34c 3bd0 

  0x00000264e9da7fb4: ;   {runtime_call ic_miss_stub}
  0x00000264e9da7fb4: 0f85 c666 | f806 660f | 1f44 0000 
[Verified Entry Point]
  0x00000264e9da7fc0: 8984 2400 | 80ff ff55 | 4881 eca0 | 0000 0090 | 4181 7f20 | 0200 0000 

  0x00000264e9da7fd8: ;   {runtime_call StubRoutines (final stubs)}
  0x00000264e9da7fd8: 7405 e821 

  0x00000264e9da7fdc: ;   {metadata(method data for {method} {0x00000264c15dfd38} 'defineClass' '(Ljava/lang/String;[BLorg/eclipse/osgi/internal/loader/classpath/ClasspathEntry;)Lorg/eclipse/osgi/internal/loader/ModuleClassLoader$DefineClassResult;' in 'org/eclipse/osgi/internal/loader/ModuleClassLoader')}
  0x00000264e9da7fdc: 58f7 0648 | bec8 b8c3 | c164 0200 | 008b 9ecc | 0000 0083 | c302 899e | cc00 0000 | 81e3 fe07 
  0x00000264e9da7ffc: 0000 85db | 0f84 5304 | 0000 4889 | 7c24 704c | 894c 2468 

  0x00000264e9da8010: ;   {metadata(method data for {method} {0x00000264c15dfd38} 'defineClass' '(Ljava/lang/String;[BLorg/eclipse/osgi/internal/loader/classpath/ClasspathEntry;)Lorg/eclipse/osgi/internal/loader/ModuleClassLoader$DefineClassResult;' in 'org/eclipse/osgi/internal/loader/ModuleClassLoader')}
  0x00000264e9da8010: 488b f248 | bbc8 b8c3 | c164 0200 | 008b 7608 | 49ba 0000 | 0080 6402 | 0000 4903 | f248 3bb3 
  0x00000264e9da8030: 2001 0000 | 750d 4883 | 8328 0100 | 0001 e960 | 0000 0048 | 3bb3 3001 | 0000 750d | 4883 8338 
  0x00000264e9da8050: 0100 0001 | e94a 0000 | 0048 83bb | 2001 0000 | 0075 1748 | 89b3 2001 | 0000 48c7 | 8328 0100 
  0x00000264e9da8070: 0001 0000 | 00e9 2900 | 0000 4883 | bb30 0100 | 0000 7517 | 4889 b330 | 0100 0048 | c783 3801 
  0x00000264e9da8090: 0000 0100 | 0000 e908 | 0000 0048 | 8383 1001 

  0x00000264e9da80a0: ;   {metadata(method data for {method} {0x00000264c16249f0} 'getClassLoadingLock' '(Ljava/lang/String;)Ljava/lang/Object;' in 'org/eclipse/osgi/internal/loader/ModuleClassLoader')}
  0x00000264e9da80a0: 0000 0148 | bec8 4193 | c164 0200 | 008b 9ecc | 0000 0083 | c302 899e | cc00 0000 | 81e3 feff 
  0x00000264e9da80c0: 1f00 85db | 0f84 b003 | 0000 8b72 | 5048 3b06 

  0x00000264e9da80d0: ;   {metadata(method data for {method} {0x00000264c16249f0} 'getClassLoadingLock' '(Ljava/lang/String;)Ljava/lang/Object;' in 'org/eclipse/osgi/internal/loader/ModuleClassLoader')}
  0x00000264e9da80d0: 488b de48 | b8c8 4193 | c164 0200 | 0048 8380 | 1001 0000 | 0149 8bd8 | 4c8b c348 | 8954 2458 
  0x00000264e9da80f0: 488b d648 | 895c 2460 | 0f1f 8000 

  0x00000264e9da80fc: ;   {optimized virtual_call}
  0x00000264e9da80fc: 0000 00e8 

  0x00000264e9da8100: ; ImmutableOopMap {[88]=Oop [96]=Oop [104]=Oop [112]=Oop }
                      ;*invokevirtual getLock {reexecute=0 rethrow=0 return_oop=0}
                      ; - org.eclipse.osgi.internal.loader.ModuleClassLoader::getClassLoadingLock@5 (line 437)
                      ; - org.eclipse.osgi.internal.loader.ModuleClassLoader::defineClass@8 (line 312)
  0x00000264e9da8100: 7c4c eeff 

  0x00000264e9da8104: ;   {other}
  0x00000264e9da8104: 0f1f 8400 | 7403 0000 | 4889 4424 | 7848 8d94 | 2480 0000 | 0048 8bf0 | 4889 7208 

  0x00000264e9da8120: ; implicit exception: dispatches to 0x00000264e9da84a0
  0x00000264e9da8120: 488b 0648 | 83c8 0148 | 8902 f048 | 0fb1 160f | 8412 0000 | 0048 2bc4 | 4825 07f0 | ffff 4889 
  0x00000264e9da8140: 020f 855e | 0300 0049 | ff87 5005 | 0000 488b 

  0x00000264e9da8150: ;   {metadata(method data for {method} {0x00000264c15dfd38} 'defineClass' '(Ljava/lang/String;[BLorg/eclipse/osgi/internal/loader/classpath/ClasspathEntry;)Lorg/eclipse/osgi/internal/loader/ModuleClassLoader$DefineClassResult;' in 'org/eclipse/osgi/internal/loader/ModuleClassLoader')}
  0x00000264e9da8150: 5424 5848 | bec8 b8c3 | c164 0200 | 0048 8386 | 4801 0000 

  0x00000264e9da8164: ;   {metadata(method data for {method} {0x00000264804350c0} 'findLoadedClass' '(Ljava/lang/String;)Ljava/lang/Class;' in 'java/lang/ClassLoader')}
  0x00000264e9da8164: 0148 bab0 | b224 c164 | 0200 008b | b2cc 0000 | 0083 c602 | 89b2 cc00 | 0000 81e6 | feff 1f00 
  0x00000264e9da8184: 85f6 0f84 | 2c03 0000 

  0x00000264e9da818c: ;   {metadata(method data for {method} {0x00000264804350c0} 'findLoadedClass' '(Ljava/lang/String;)Ljava/lang/Class;' in 'java/lang/ClassLoader')}
  0x00000264e9da818c: 48ba b0b2 | 24c1 6402 | 0000 4883 | 8210 0100 | 0001 488b | 5424 600f 

  0x00000264e9da81a4: ;   {static_call}
  0x00000264e9da81a4: 1f40 00e8 

  0x00000264e9da81a8: ; ImmutableOopMap {[88]=Oop [96]=Oop [104]=Oop [112]=Oop [120]=Oop [136]=Oop }
                      ;*invokestatic checkName {reexecute=0 rethrow=0 return_oop=0}
                      ; - java.lang.ClassLoader::findLoadedClass@1
                      ; - org.eclipse.osgi.internal.loader.ModuleClassLoader::defineClass@17 (line 313)
  0x00000264e9da81a8: b409 6107 

  0x00000264e9da81ac: ;   {other}
  0x00000264e9da81ac: 0f1f 8400 | 1c04 0001 

  0x00000264e9da81b4: ;   {metadata(method data for {method} {0x00000264804350c0} 'findLoadedClass' '(Ljava/lang/String;)Ljava/lang/Class;' in 'java/lang/ClassLoader')}
  0x00000264e9da81b4: 85c0 49b8 | b0b2 24c1 | 6402 0000 | 48c7 c220 | 0100 0075 | 0748 c7c2 | 3001 0000 | 498b 3410 
  0x00000264e9da81d4: 488d 7601 | 4989 3410 | 0f85 0f00 

  0x00000264e9da81e0: ;   {oop(nullptr)}
  0x00000264e9da81e0: 0000 48be | 0000 0000 | 0000 0000 | e936 0000 | 0048 8b54 

  0x00000264e9da81f4: ;   {metadata(method data for {method} {0x00000264804350c0} 'findLoadedClass' '(Ljava/lang/String;)Ljava/lang/Class;' in 'java/lang/ClassLoader')}
  0x00000264e9da81f4: 2458 49b8 | b0b2 24c1 | 6402 0000 | 4983 8040 | 0100 0001 | 4c8b 4424 | 6048 8b54 | 2458 0f1f 
  0x00000264e9da8214: ;   {optimized virtual_call}
  0x00000264e9da8214: 4400 00e8 

  0x00000264e9da8218: ; ImmutableOopMap {[88]=Oop [96]=Oop [104]=Oop [112]=Oop [120]=Oop [136]=Oop }
                      ;*invokevirtual findLoadedClass0 {reexecute=0 rethrow=0 return_oop=0}
                      ; - java.lang.ClassLoader::findLoadedClass@11
                      ; - org.eclipse.osgi.internal.loader.ModuleClassLoader::defineClass@17 (line 313)
  0x00000264e9da8218: a4be 4f07 

  0x00000264e9da821c: ;   {other}
  0x00000264e9da821c: 0f1f 8400 | 8c04 0002 | 488b f048 

  0x00000264e9da8228: ;   {metadata(method data for {method} {0x00000264c15dfd38} 'defineClass' '(Ljava/lang/String;[BLorg/eclipse/osgi/internal/loader/classpath/ClasspathEntry;)Lorg/eclipse/osgi/internal/loader/ModuleClassLoader$DefineClassResult;' in 'org/eclipse/osgi/internal/loader/ModuleClassLoader')}
  0x00000264e9da8228: 85f6 49b8 | c8b8 c3c1 | 6402 0000 | 49c7 c190 | 0100 0074 | 0749 c7c1 | 8001 0000 | 4b8b 3c08 
  0x00000264e9da8248: 488d 7f01 | 4b89 3c08 | 0f84 0e00 | 0000 488b | de41 b800 | 0000 00e9 | 6900 0000 | 488b 7c24 
  0x00000264e9da8268: 704c 8b4c | 2468 4c8b | 4424 6048 | 8b54 2458 

  0x00000264e9da8278: ; implicit exception: dispatches to 0x00000264e9da84d9
  0x00000264e9da8278: 418b 710c 

  0x00000264e9da827c: ; implicit exception: dispatches to 0x00000264e9da84de
  0x00000264e9da827c: 483b 0748 

  0x00000264e9da8280: ;   {metadata(method data for {method} {0x00000264c15dfd38} 'defineClass' '(Ljava/lang/String;[BLorg/eclipse/osgi/internal/loader/classpath/ClasspathEntry;)Lorg/eclipse/osgi/internal/loader/ModuleClassLoader$DefineClassResult;' in 'org/eclipse/osgi/internal/loader/ModuleClassLoader')}
  0x00000264e9da8280: 8bcf 48bb | c8b8 c3c1 | 6402 0000 | 4883 83b8 | 0100 0001 | 8b4f 1048 

  0x00000264e9da8298: ;   {metadata(method data for {method} {0x00000264c15dfd38} 'defineClass' '(Ljava/lang/String;[BLorg/eclipse/osgi/internal/loader/classpath/ClasspathEntry;)Lorg/eclipse/osgi/internal/loader/ModuleClassLoader$DefineClassResult;' in 'org/eclipse/osgi/internal/loader/ModuleClassLoader')}
  0x00000264e9da8298: 8bfa 48bb | c8b8 c3c1 | 6402 0000 | 4883 83d8 | 0100 0001 | bf00 0000 | 0066 0f1f 

  0x00000264e9da82b4: ;   {optimized virtual_call}
  0x00000264e9da82b4: 4400 00e8 

  0x00000264e9da82b8: ; ImmutableOopMap {[120]=Oop [136]=Oop }
                      ;*invokevirtual defineClass {reexecute=0 rethrow=0 return_oop=0}
                      ; - org.eclipse.osgi.internal.loader.ModuleClassLoader::defineClass@37 (line 315)
  0x00000264e9da82b8: 046e d8ff 

  0x00000264e9da82bc: ;   {other}
  0x00000264e9da82bc: 0f1f 8400 | 2c05 0003 | 488b d841 | b801 0000 | 0048 8d84 | 2480 0000 | 0048 8b10 | 4885 d20f 
  0x00000264e9da82dc: 840f 0000 | 0048 8b70 | 08f0 480f | b116 0f85 | f301 0000 | 49ff 8f50 

  0x00000264e9da82f4: ;   {metadata(method data for {method} {0x00000264c15dfd38} 'defineClass' '(Ljava/lang/String;[BLorg/eclipse/osgi/internal/loader/classpath/ClasspathEntry;)Lorg/eclipse/osgi/internal/loader/ModuleClassLoader$DefineClassResult;' in 'org/eclipse/osgi/internal/loader/ModuleClassLoader')}
  0x00000264e9da82f4: 0500 0048 | bac8 b8c3 | c164 0200 | 00ff 8210 

  0x00000264e9da8304: ;   {metadata('org/eclipse/osgi/internal/loader/ModuleClassLoader$DefineClassResult')}
  0x00000264e9da8304: 0200 0048 | ba28 6612 | 8164 0200 | 0049 8b87 | b801 0000 | 488d 7818 | 493b bfc8 | 0100 000f 
  0x00000264e9da8324: 87d0 0100 | 0049 89bf | b801 0000 | 48c7 0001 | 0000 0048 | 8bca 49ba | 0000 0080 | 6402 0000 
  0x00000264e9da8344: 492b ca89 | 4808 4833 | c989 480c | 4833 c948 | 8948 1048 

  0x00000264e9da8358: ;   {metadata(method data for {method} {0x00000264c15dfd38} 'defineClass' '(Ljava/lang/String;[BLorg/eclipse/osgi/internal/loader/classpath/ClasspathEntry;)Lorg/eclipse/osgi/internal/loader/ModuleClassLoader$DefineClassResult;' in 'org/eclipse/osgi/internal/loader/ModuleClassLoader')}
  0x00000264e9da8358: 8bf0 48bf | c8b8 c3c1 | 6402 0000 | 4883 8728 | 0200 0001 

  0x00000264e9da836c: ;   {metadata(method data for {method} {0x00000264c180faa8} '<init>' '(Ljava/lang/Class;Z)V' in 'org/eclipse/osgi/internal/loader/ModuleClassLoader$DefineClassResult')}
  0x00000264e9da836c: 48be 607e | a8c1 6402 | 0000 8bbe | cc00 0000 | 83c7 0289 | becc 0000 | 0081 e7fe | ff1f 0085 
  0x00000264e9da838c: ff0f 8473 | 0100 0048 

  0x00000264e9da8394: ;   {metadata(method data for {method} {0x00000264c180faa8} '<init>' '(Ljava/lang/Class;Z)V' in 'org/eclipse/osgi/internal/loader/ModuleClassLoader$DefineClassResult')}
  0x00000264e9da8394: 8bf0 48bf | 607e a8c1 | 6402 0000 | 4883 8710 | 0100 0001 

  0x00000264e9da83a8: ;   {metadata(method data for {method} {0x0000026480474aa8} '<init>' '()V' in 'java/lang/Object')}
  0x00000264e9da83a8: 48be 9067 | 00c1 6402 | 0000 8bbe | cc00 0000 | 83c7 0289 | becc 0000 | 0081 e7fe | ff1f 0085 
  0x00000264e9da83c8: ff0f 8458 | 0100 004c | 8bd3 4489 | 5010 488d | 3048 c1ee | 0948 bf00 | 00b5 e564 | 0200 00c6 
  0x00000264e9da83e8: 043e 0041 | 83e0 0144 | 8840 0c48 | 81c4 a000 

  0x00000264e9da83f8: ;   {poll_return}
  0x00000264e9da83f8: 0000 5d49 | 3ba7 5004 | 0000 0f87 | 4001 0000 | c349 8b87 | 0005 0000 | 4d33 d24d | 8997 0005 
  0x00000264e9da8418: 0000 4d33 | d24d 8997 | 0805 0000 | 488b f048 | 8d84 2480 | 0000 0048 | 8b38 4885 | ff0f 840f 
  0x00000264e9da8438: 0000 0048 | 8b58 08f0 | 480f b13b | 0f85 1401 | 0000 49ff | 8f50 0500 | 0048 8bc6 | e938 0100 
  0x00000264e9da8458: ;   {metadata({method} {0x00000264c15dfd38} 'defineClass' '(Ljava/lang/String;[BLorg/eclipse/osgi/internal/loader/classpath/ClasspathEntry;)Lorg/eclipse/osgi/internal/loader/ModuleClassLoader$DefineClassResult;' in 'org/eclipse/osgi/internal/loader/ModuleClassLoader')}
  0x00000264e9da8458: 0049 ba30 | fd5d c164 | 0200 004c | 8954 2408 | 48c7 0424 | ffff ffff 

  0x00000264e9da8470: ;   {runtime_call counter_overflow Runtime1 stub}
  0x00000264e9da8470: e88b f503 

  0x00000264e9da8474: ; ImmutableOopMap {rdx=Oop r8=Oop r9=Oop rdi=Oop }
                      ;*synchronization entry
                      ; - org.eclipse.osgi.internal.loader.ModuleClassLoader::defineClass@-1 (line 310)
  0x00000264e9da8474: 07e9 8cfb 

  0x00000264e9da8478: ;   {metadata({method} {0x00000264c16249f0} 'getClassLoadingLock' '(Ljava/lang/String;)Ljava/lang/Object;' in 'org/eclipse/osgi/internal/loader/ModuleClassLoader')}
  0x00000264e9da8478: ffff 49ba | e849 62c1 | 6402 0000 | 4c89 5424 | 0848 c704 | 24ff ffff 

  0x00000264e9da8490: ;   {runtime_call counter_overflow Runtime1 stub}
  0x00000264e9da8490: ffe8 6af5 

  0x00000264e9da8494: ; ImmutableOopMap {rdx=Oop r8=Oop [104]=Oop [112]=Oop }
                      ;*synchronization entry
                      ; - org.eclipse.osgi.internal.loader.ModuleClassLoader::getClassLoadingLock@-1 (line 437)
                      ; - org.eclipse.osgi.internal.loader.ModuleClassLoader::defineClass@8 (line 312)
  0x00000264e9da8494: 0307 e92f 

  0x00000264e9da8498: ;   {runtime_call throw_null_pointer_exception Runtime1 stub}
  0x00000264e9da8498: fcff ffe8 

  0x00000264e9da849c: ; ImmutableOopMap {rdx=Oop r8=Oop rsi=Oop [104]=Oop [112]=Oop }
                      ;*invokevirtual getLock {reexecute=0 rethrow=0 return_oop=0}
                      ; - org.eclipse.osgi.internal.loader.ModuleClassLoader::getClassLoadingLock@5 (line 437)
                      ; - org.eclipse.osgi.internal.loader.ModuleClassLoader::defineClass@8 (line 312)
  0x00000264e9da849c: 80af fa06 

  0x00000264e9da84a0: ;   {runtime_call throw_null_pointer_exception Runtime1 stub}
  0x00000264e9da84a0: e87b affa 

  0x00000264e9da84a4: ; ImmutableOopMap {rsi=Oop [88]=Oop [96]=Oop [104]=Oop [112]=Oop [120]=Oop }
                      ;*monitorenter {reexecute=0 rethrow=0 return_oop=0}
                      ; - org.eclipse.osgi.internal.loader.ModuleClassLoader::defineClass@14 (line 312)
  0x00000264e9da84a4: 0648 8974 | 2408 4889 

  0x00000264e9da84ac: ;   {runtime_call monitorenter_nofpu Runtime1 stub}
  0x00000264e9da84ac: 1424 e8cd 

  0x00000264e9da84b0: ; ImmutableOopMap {rsi=Oop [88]=Oop [96]=Oop [104]=Oop [112]=Oop [120]=Oop [136]=Oop }
                      ;*monitorenter {reexecute=0 rethrow=0 return_oop=0}
                      ; - org.eclipse.osgi.internal.loader.ModuleClassLoader::defineClass@14 (line 312)
  0x00000264e9da84b0: 95fa 06e9 | 96fc ffff 

  0x00000264e9da84b8: ;   {metadata({method} {0x00000264804350c0} 'findLoadedClass' '(Ljava/lang/String;)Ljava/lang/Class;' in 'java/lang/ClassLoader')}
  0x00000264e9da84b8: 49ba b850 | 4380 6402 | 0000 4c89 | 5424 0848 | c704 24ff 

  0x00000264e9da84cc: ;   {runtime_call counter_overflow Runtime1 stub}
  0x00000264e9da84cc: ffff ffe8 

  0x00000264e9da84d0: ; ImmutableOopMap {[88]=Oop [96]=Oop [104]=Oop [112]=Oop [120]=Oop [136]=Oop }
                      ;*synchronization entry
                      ; - java.lang.ClassLoader::findLoadedClass@-1
                      ; - org.eclipse.osgi.internal.loader.ModuleClassLoader::defineClass@17 (line 313)
  0x00000264e9da84d0: 2cf5 0307 | e9b3 fcff 

  0x00000264e9da84d8: ;   {runtime_call throw_null_pointer_exception Runtime1 stub}
  0x00000264e9da84d8: ffe8 42af 

  0x00000264e9da84dc: ; ImmutableOopMap {rdx=Oop r8=Oop r9=Oop rdi=Oop [120]=Oop [136]=Oop }
                      ;*arraylength {reexecute=0 rethrow=0 return_oop=0}
                      ; - org.eclipse.osgi.internal.loader.ModuleClassLoader::defineClass@32 (line 315)
                      ;   {runtime_call throw_null_pointer_exception Runtime1 stub}
  0x00000264e9da84dc: fa06 e83d 

  0x00000264e9da84e0: ; ImmutableOopMap {rdx=Oop r8=Oop r9=Oop rdi=Oop [120]=Oop [136]=Oop }
                      ;*invokevirtual getDomain {reexecute=0 rethrow=0 return_oop=0}
                      ; - org.eclipse.osgi.internal.loader.ModuleClassLoader::defineClass@34 (line 315)
  0x00000264e9da84e0: affa 0648 | 8d84 2480 | 0000 0048 

  0x00000264e9da84ec: ;   {runtime_call monitorexit_nofpu Runtime1 stub}
  0x00000264e9da84ec: 8904 24e8 | 8c8e fa06 | e9fe fdff | ff48 8bd2 

  0x00000264e9da84fc: ;   {runtime_call fast_new_instance Runtime1 stub}
  0x00000264e9da84fc: e87f ca03 

  0x00000264e9da8500: ; ImmutableOopMap {rbx=Oop }
                      ;*new {reexecute=0 rethrow=0 return_oop=0}
                      ; - org.eclipse.osgi.internal.loader.ModuleClassLoader::defineClass@55 (line 319)
  0x00000264e9da8500: 07e9 51fe 

  0x00000264e9da8504: ;   {metadata({method} {0x00000264c180faa8} '<init>' '(Ljava/lang/Class;Z)V' in 'org/eclipse/osgi/internal/loader/ModuleClassLoader$DefineClassResult')}
  0x00000264e9da8504: ffff 49ba | a0fa 80c1 | 6402 0000 | 4c89 5424 | 0848 c704 | 24ff ffff 

  0x00000264e9da851c: ;   {runtime_call counter_overflow Runtime1 stub}
  0x00000264e9da851c: ffe8 def4 

  0x00000264e9da8520: ; ImmutableOopMap {rbx=Oop rax=Oop }
                      ;*synchronization entry
                      ; - org.eclipse.osgi.internal.loader.ModuleClassLoader$DefineClassResult::<init>@-1 (line 96)
                      ; - org.eclipse.osgi.internal.loader.ModuleClassLoader::defineClass@63 (line 319)
  0x00000264e9da8520: 0307 e96c 

  0x00000264e9da8524: ;   {metadata({method} {0x0000026480474aa8} '<init>' '()V' in 'java/lang/Object')}
  0x00000264e9da8524: feff ff49 | baa0 4a47 | 8064 0200 | 004c 8954 | 2408 48c7 | 0424 ffff 

  0x00000264e9da853c: ;   {runtime_call counter_overflow Runtime1 stub}
  0x00000264e9da853c: ffff e8bd 

  0x00000264e9da8540: ; ImmutableOopMap {rbx=Oop rax=Oop }
                      ;*synchronization entry
                      ; - java.lang.Object::<init>@-1
                      ; - org.eclipse.osgi.internal.loader.ModuleClassLoader$DefineClassResult::<init>@1 (line 96)
                      ; - org.eclipse.osgi.internal.loader.ModuleClassLoader::defineClass@63 (line 319)
  0x00000264e9da8540: f403 07e9 | 87fe ffff 

  0x00000264e9da8548: ;   {internal_word}
  0x00000264e9da8548: 49ba fb83 | dae9 6402 | 0000 4d89 | 9768 0400 

  0x00000264e9da8558: ;   {runtime_call SafepointBlob}
  0x00000264e9da8558: 00e9 22d6 | f806 488d | 8424 8000 | 0000 4889 

  0x00000264e9da8568: ;   {runtime_call monitorexit_nofpu Runtime1 stub}
  0x00000264e9da8568: 0424 e811 | 8efa 06e9 | ddfe ffff | 498b 8700 | 0500 0049 | c787 0005 | 0000 0000 | 0000 49c7 
  0x00000264e9da8588: 8708 0500 | 0000 0000 | 0048 81c4 | a000 0000 

  0x00000264e9da8598: ;   {runtime_call unwind_exception Runtime1 stub}
  0x00000264e9da8598: 5de9 62bd | fa06 f4f4 
[Stub Code]
  0x00000264e9da85a0: ;   {no_reloc}
  0x00000264e9da85a0: 48bb 0000 | 0000 0000 

  0x00000264e9da85a8: ;   {runtime_call nmethod}
  0x00000264e9da85a8: 0000 e9fb 

  0x00000264e9da85ac: ;   {static_stub}
  0x00000264e9da85ac: ffff ff48 | bb00 0000 | 0000 0000 

  0x00000264e9da85b8: ;   {runtime_call nmethod}
  0x00000264e9da85b8: 00e9 fbff 

  0x00000264e9da85bc: ;   {static_stub}
  0x00000264e9da85bc: ffff 48bb | 0000 0000 | 0000 0000 

  0x00000264e9da85c8: ;   {runtime_call nmethod}
  0x00000264e9da85c8: e9fb ffff 

  0x00000264e9da85cc: ;   {static_stub}
  0x00000264e9da85cc: ff48 bb00 | 0000 0000 

  0x00000264e9da85d4: ;   {runtime_call nmethod}
  0x00000264e9da85d4: 0000 00e9 | fbff ffff 
[Exception Handler]
  0x00000264e9da85dc: ;   {runtime_call handle_exception_from_callee Runtime1 stub}
  0x00000264e9da85dc: e81f a7fa 

  0x00000264e9da85e0: ;   {external_word}
  0x00000264e9da85e0: 0648 b950 | 63c1 8afd | 7f00 0048 

  0x00000264e9da85ec: ;   {runtime_call}
  0x00000264e9da85ec: 83e4 f048 | b8c0 c983 | 8afd 7f00 | 00ff d0f4 
[Deopt Handler Code]
  0x00000264e9da85fc: ;   {section_word}
  0x00000264e9da85fc: 49ba fc85 | dae9 6402 | 0000 4152 

  0x00000264e9da8608: ;   {runtime_call DeoptimizationBlob}
  0x00000264e9da8608: e913 eaf8 | 06f4 f4f4 
[/MachCode]


---------------  P R O C E S S  ---------------

Threads class SMR info:
_java_thread_list=0x00000264ff280fa0, length=22, elements={
0x00000264e65ad7c0, 0x00000264e649bc30, 0x00000264e64a3440, 0x00000264e64a6fc0,
0x00000264e64a8ca0, 0x00000264e64a9ea0, 0x00000264e64aa900, 0x00000264e64ae6b0,
0x00000264e6524f20, 0x00000264fdc09350, 0x00000264fdcc7990, 0x00000264fe29bb50,
0x00000264fe52ce50, 0x00000264fe51e200, 0x00000264fe51ec40, 0x00000264fe959670,
0x00000264feca7110, 0x00000264fdb4f810, 0x00000264fdb4dee0, 0x00000264fdb4e570,
0x00000264fdb4ec00, 0x00000264fdb4d850
}

Java Threads: ( => current thread )
  0x00000264e65ad7c0 JavaThread "main"                              [_thread_blocked, id=6824, stack(0x000000aa3cc00000,0x000000aa3cd00000) (1024K)]
  0x00000264e649bc30 JavaThread "Reference Handler"          daemon [_thread_blocked, id=6548, stack(0x000000aa3d000000,0x000000aa3d100000) (1024K)]
  0x00000264e64a3440 JavaThread "Finalizer"                  daemon [_thread_blocked, id=3056, stack(0x000000aa3d100000,0x000000aa3d200000) (1024K)]
  0x00000264e64a6fc0 JavaThread "Signal Dispatcher"          daemon [_thread_blocked, id=17656, stack(0x000000aa3d200000,0x000000aa3d300000) (1024K)]
  0x00000264e64a8ca0 JavaThread "Attach Listener"            daemon [_thread_blocked, id=18436, stack(0x000000aa3d300000,0x000000aa3d400000) (1024K)]
  0x00000264e64a9ea0 JavaThread "Service Thread"             daemon [_thread_blocked, id=10100, stack(0x000000aa3d400000,0x000000aa3d500000) (1024K)]
  0x00000264e64aa900 JavaThread "Monitor Deflation Thread"   daemon [_thread_blocked, id=7832, stack(0x000000aa3d500000,0x000000aa3d600000) (1024K)]
  0x00000264e64ae6b0 JavaThread "C2 CompilerThread0"         daemon [_thread_blocked, id=18268, stack(0x000000aa3d600000,0x000000aa3d700000) (1024K)]
  0x00000264e6524f20 JavaThread "C1 CompilerThread0"         daemon [_thread_blocked, id=7200, stack(0x000000aa3d700000,0x000000aa3d800000) (1024K)]
  0x00000264fdc09350 JavaThread "Common-Cleaner"             daemon [_thread_blocked, id=19104, stack(0x000000aa3d800000,0x000000aa3d900000) (1024K)]
  0x00000264fdcc7990 JavaThread "Notification Thread"        daemon [_thread_blocked, id=11280, stack(0x000000aa3d900000,0x000000aa3da00000) (1024K)]
  0x00000264fe29bb50 JavaThread "Active Thread: Equinox Container: b7e39878-7322-4c10-a801-2f0fa1b9ca21"        [_thread_blocked, id=2620, stack(0x000000aa3dd00000,0x000000aa3de00000) (1024K)]
  0x00000264fe52ce50 JavaThread "Refresh Thread: Equinox Container: b7e39878-7322-4c10-a801-2f0fa1b9ca21" daemon [_thread_blocked, id=1300, stack(0x000000aa3de00000,0x000000aa3df00000) (1024K)]
  0x00000264fe51e200 JavaThread "Framework Event Dispatcher: Equinox Container: b7e39878-7322-4c10-a801-2f0fa1b9ca21" daemon [_thread_blocked, id=21372, stack(0x000000aa3df00000,0x000000aa3e000000) (1024K)]
=>0x00000264fe51ec40 JavaThread "Start Level: Equinox Container: b7e39878-7322-4c10-a801-2f0fa1b9ca21" daemon [_thread_in_vm, id=12440, stack(0x000000aa3e000000,0x000000aa3e100000) (1024K)]
  0x00000264fe959670 JavaThread "Bundle File Closer"         daemon [_thread_blocked, id=12564, stack(0x000000aa3e100000,0x000000aa3e200000) (1024K)]
  0x00000264feca7110 JavaThread "SCR Component Actor"        daemon [_thread_blocked, id=18312, stack(0x000000aa3e200000,0x000000aa3e300000) (1024K)]
  0x00000264fdb4f810 JavaThread "Worker-JM"                         [_thread_blocked, id=14708, stack(0x000000aa3e300000,0x000000aa3e400000) (1024K)]
  0x00000264fdb4dee0 JavaThread "JNA Cleaner"                daemon [_thread_blocked, id=13020, stack(0x000000aa3e400000,0x000000aa3e500000) (1024K)]
  0x00000264fdb4e570 JavaThread "Worker-0"                          [_thread_blocked, id=17848, stack(0x000000aa3e500000,0x000000aa3e600000) (1024K)]
  0x00000264fdb4ec00 JavaThread "Worker-1"                          [_thread_blocked, id=20224, stack(0x000000aa3e600000,0x000000aa3e700000) (1024K)]
  0x00000264fdb4d850 JavaThread "Worker-2"                          [_thread_blocked, id=5096, stack(0x000000aa3e700000,0x000000aa3e800000) (1024K)]
Total: 22

Other Threads:
  0x00000264e666d110 VMThread "VM Thread"                           [id=19736, stack(0x000000aa3cf00000,0x000000aa3d000000) (1024K)]
  0x00000264e6618e80 WatcherThread "VM Periodic Task Thread"        [id=15468, stack(0x000000aa3ce00000,0x000000aa3cf00000) (1024K)]
  0x00000264e65cbda0 WorkerThread "GC Thread#0"                     [id=21420, stack(0x000000aa3cd00000,0x000000aa3ce00000) (1024K)]
  0x00000264fe1e1700 WorkerThread "GC Thread#1"                     [id=2132, stack(0x000000aa3da00000,0x000000aa3db00000) (1024K)]
  0x00000264fe0f4050 WorkerThread "GC Thread#2"                     [id=17076, stack(0x000000aa3db00000,0x000000aa3dc00000) (1024K)]
  0x00000264fe0f4400 WorkerThread "GC Thread#3"                     [id=7284, stack(0x000000aa3dc00000,0x000000aa3dd00000) (1024K)]
Total: 6

Threads with active compile tasks:
Total: 0

VM state: not at safepoint (normal execution)

VM Mutex/Monitor currently owned by a thread:  ([mutex/lock_event])
[0x00007ffd8aecd530] Metaspace_lock - owner thread: 0x00000264fe51ec40

Heap address: 0x0000000080000000, size: 2048 MB, Compressed Oops mode: 32-bit

CDS archive(s) mapped at: [0x0000026480000000-0x0000026480ba0000-0x0000026480ba0000), size 12189696, SharedBaseAddress: 0x0000026480000000, ArchiveRelocationMode: 1.
Compressed class space mapped at: 0x0000026481000000-0x00000264c1000000, reserved size: 1073741824
Narrow klass base: 0x0000026480000000, Narrow klass shift: 0, Narrow klass range: 0x100000000

GC Precious Log:
 CardTable entry size: 512
 CPUs: 4 total, 4 available
 Memory: 3891M
 Large Page Support: Disabled
 NUMA Support: Disabled
 Compressed Oops: Enabled (32-bit)
 Alignments: Space 512K, Generation 512K, Heap 2M
 Heap Min Capacity: 100M
 Heap Initial Capacity: 100M
 Heap Max Capacity: 2G
 Pre-touch: Disabled
 Parallel Workers: 4

Heap:
 PSYoungGen      total 29184K, used 3852K [0x00000000d5580000, 0x00000000d7680000, 0x0000000100000000)
  eden space 24576K, 15% used [0x00000000d5580000,0x00000000d59433b8,0x00000000d6d80000)
  from space 4608K, 0% used [0x00000000d6e00000,0x00000000d6e00000,0x00000000d7280000)
  to   space 4096K, 0% used [0x00000000d7280000,0x00000000d7280000,0x00000000d7680000)
 ParOldGen       total 68608K, used 13481K [0x0000000080000000, 0x0000000084300000, 0x00000000d5580000)
  object space 68608K, 19% used [0x0000000080000000,0x0000000080d2a5c0,0x0000000084300000)
 Metaspace       used 21054K, committed 21824K, reserved 1114112K
  class space    used 2220K, committed 2560K, reserved 1048576K

Card table byte_map: [0x00000264e5f50000,0x00000264e6360000] _byte_map_base: 0x00000264e5b50000

Marking Bits: (ParMarkBitMap*) 0x00007ffd8aed44a0
 Begin Bits: [0x00000264f8a60000, 0x00000264faa60000)
 End Bits:   [0x00000264faa60000, 0x00000264fca60000)

Polling page: 0x00000264e43c0000

Metaspace:

Usage:
  Non-class:     18.39 MB used.
      Class:      2.17 MB used.
       Both:     20.56 MB used.

Virtual space:
  Non-class space:       64.00 MB reserved,      18.81 MB ( 29%) committed,  1 nodes.
      Class space:        1.00 GB reserved,       2.50 MB ( <1%) committed,  1 nodes.
             Both:        1.06 GB reserved,      21.31 MB (  2%) committed. 

Chunk freelists:
   Non-Class:  12.25 MB
       Class:  13.38 MB
        Both:  25.62 MB

MaxMetaspaceSize: unlimited
CompressedClassSpaceSize: 1.00 GB
Initial GC threshold: 21.00 MB
Current GC threshold: 35.00 MB
CDS: on
 - commit_granule_bytes: 65536.
 - commit_granule_words: 8192.
 - virtual_space_node_default_size: 8388608.
 - enlarge_chunks_in_place: 1.
 - use_allocation_guard: 0.


Internal statistics:

num_allocs_failed_limit: 3.
num_arena_births: 614.
num_arena_deaths: 14.
num_vsnodes_births: 2.
num_vsnodes_deaths: 0.
num_space_committed: 341.
num_space_uncommitted: 0.
num_chunks_returned_to_freelist: 17.
num_chunks_taken_from_freelist: 1451.
num_chunk_merges: 8.
num_chunk_splits: 914.
num_chunks_enlarged: 573.
num_inconsistent_stats: 0.

CodeHeap 'non-profiled nmethods': size=120000Kb used=1705Kb max_used=1705Kb free=118294Kb
 bounds [0x00000264f1280000, 0x00000264f14f0000, 0x00000264f87b0000]
CodeHeap 'profiled nmethods': size=120000Kb used=8041Kb max_used=8041Kb free=111958Kb
 bounds [0x00000264e97b0000, 0x00000264e9f90000, 0x00000264f0ce0000]
CodeHeap 'non-nmethods': size=5760Kb used=1298Kb max_used=1328Kb free=4461Kb
 bounds [0x00000264f0ce0000, 0x00000264f0f50000, 0x00000264f1280000]
CodeCache: size=245760Kb, used=11044Kb, max_used=11074Kb, free=234713Kb
 total_blobs=4419, nmethods=3850, adapters=475, full_count=0
Compilation: enabled, stopped_count=0, restarted_count=0

Compilation events (20 events):
Event: 14.953 Thread 0x00000264e6524f20 3838       1       org.eclipse.osgi.internal.serviceregistry.ServiceUse::getLock (5 bytes)
Event: 14.954 Thread 0x00000264e6524f20 nmethod 3838 0x00000264f1429910 code [0x00000264f1429aa0, 0x00000264f1429b68]
Event: 14.954 Thread 0x00000264e6524f20 3839       3       java.util.Optional::isEmpty (13 bytes)
Event: 14.954 Thread 0x00000264e6524f20 nmethod 3839 0x00000264e9f86b90 code [0x00000264e9f86d20, 0x00000264e9f86e80]
Event: 15.007 Thread 0x00000264e6524f20 3840       3       org.eclipse.core.runtime.Path::segment (17 bytes)
Event: 15.007 Thread 0x00000264e6524f20 nmethod 3840 0x00000264e9f86f10 code [0x00000264e9f870c0, 0x00000264e9f87270]
Event: 15.012 Thread 0x00000264e6524f20 3841       1       org.eclipse.core.internal.dtree.DataTreeNode::hasData (2 bytes)
Event: 15.012 Thread 0x00000264e6524f20 nmethod 3841 0x00000264f1429c10 code [0x00000264f1429da0, 0x00000264f1429e68]
Event: 15.013 Thread 0x00000264e6524f20 3842       1       org.eclipse.core.internal.dtree.DataTreeNode::getData (5 bytes)
Event: 15.013 Thread 0x00000264e6524f20 nmethod 3842 0x00000264f1429f10 code [0x00000264f142a0a0, 0x00000264f142a168]
Event: 15.013 Thread 0x00000264e6524f20 3843       3       org.eclipse.core.internal.dtree.AbstractDataTreeNode::indexOfChild (75 bytes)
Event: 15.014 Thread 0x00000264e6524f20 nmethod 3843 0x00000264e9f87390 code [0x00000264e9f87560, 0x00000264e9f878b0]
Event: 15.014 Thread 0x00000264e6524f20 3844       3       org.eclipse.core.internal.dtree.AbstractDataTreeNode::childAtOrNull (21 bytes)
Event: 15.015 Thread 0x00000264e6524f20 nmethod 3844 0x00000264e9f87a90 code [0x00000264e9f87c40, 0x00000264e9f87eb0]
Event: 15.016 Thread 0x00000264e6524f20 3845       3       org.eclipse.core.runtime.Path::isRoot (30 bytes)
Event: 15.016 Thread 0x00000264e6524f20 nmethod 3845 0x00000264e9f88010 code [0x00000264e9f881c0, 0x00000264e9f883c0]
Event: 15.017 Thread 0x00000264e6524f20 3846   !   3       java.util.zip.Inflater::end (37 bytes)
Event: 15.018 Thread 0x00000264e6524f20 nmethod 3846 0x00000264e9f88490 code [0x00000264e9f88680, 0x00000264e9f88c30]
Event: 15.020 Thread 0x00000264e6524f20 3847       3       jdk.internal.loader.BootLoader::getDefinedPackage (39 bytes)
Event: 15.020 Thread 0x00000264e6524f20 nmethod 3847 0x00000264e9f88f10 code [0x00000264e9f89100, 0x00000264e9f89420]

GC Heap History (16 events):
Event: 2.076 GC heap before
{Heap before GC invocations=1 (full 0):
 PSYoungGen      total 29696K, used 25600K [0x00000000d5580000, 0x00000000d7680000, 0x0000000100000000)
  eden space 25600K, 100% used [0x00000000d5580000,0x00000000d6e80000,0x00000000d6e80000)
  from space 4096K, 0% used [0x00000000d7280000,0x00000000d7280000,0x00000000d7680000)
  to   space 4096K, 0% used [0x00000000d6e80000,0x00000000d6e80000,0x00000000d7280000)
 ParOldGen       total 68608K, used 0K [0x0000000080000000, 0x0000000084300000, 0x00000000d5580000)
  object space 68608K, 0% used [0x0000000080000000,0x0000000080000000,0x0000000084300000)
 Metaspace       used 4366K, committed 4608K, reserved 1114112K
  class space    used 476K, committed 576K, reserved 1048576K
}
Event: 2.087 GC heap after
{Heap after GC invocations=1 (full 0):
 PSYoungGen      total 29696K, used 3312K [0x00000000d5580000, 0x00000000d7680000, 0x0000000100000000)
  eden space 25600K, 0% used [0x00000000d5580000,0x00000000d5580000,0x00000000d6e80000)
  from space 4096K, 80% used [0x00000000d6e80000,0x00000000d71bc148,0x00000000d7280000)
  to   space 4096K, 0% used [0x00000000d7280000,0x00000000d7280000,0x00000000d7680000)
 ParOldGen       total 68608K, used 0K [0x0000000080000000, 0x0000000084300000, 0x00000000d5580000)
  object space 68608K, 0% used [0x0000000080000000,0x0000000080000000,0x0000000084300000)
 Metaspace       used 4366K, committed 4608K, reserved 1114112K
  class space    used 476K, committed 576K, reserved 1048576K
}
Event: 4.970 GC heap before
{Heap before GC invocations=2 (full 0):
 PSYoungGen      total 29696K, used 28912K [0x00000000d5580000, 0x00000000d7680000, 0x0000000100000000)
  eden space 25600K, 100% used [0x00000000d5580000,0x00000000d6e80000,0x00000000d6e80000)
  from space 4096K, 80% used [0x00000000d6e80000,0x00000000d71bc148,0x00000000d7280000)
  to   space 4096K, 0% used [0x00000000d7280000,0x00000000d7280000,0x00000000d7680000)
 ParOldGen       total 68608K, used 0K [0x0000000080000000, 0x0000000084300000, 0x00000000d5580000)
  object space 68608K, 0% used [0x0000000080000000,0x0000000080000000,0x0000000084300000)
 Metaspace       used 8063K, committed 8384K, reserved 1114112K
  class space    used 833K, committed 960K, reserved 1048576K
}
Event: 4.978 GC heap after
{Heap after GC invocations=2 (full 0):
 PSYoungGen      total 29696K, used 4070K [0x00000000d5580000, 0x00000000d7680000, 0x0000000100000000)
  eden space 25600K, 0% used [0x00000000d5580000,0x00000000d5580000,0x00000000d6e80000)
  from space 4096K, 99% used [0x00000000d7280000,0x00000000d7679800,0x00000000d7680000)
  to   space 4096K, 0% used [0x00000000d6e80000,0x00000000d6e80000,0x00000000d7280000)
 ParOldGen       total 68608K, used 1991K [0x0000000080000000, 0x0000000084300000, 0x00000000d5580000)
  object space 68608K, 2% used [0x0000000080000000,0x00000000801f1eb8,0x0000000084300000)
 Metaspace       used 8063K, committed 8384K, reserved 1114112K
  class space    used 833K, committed 960K, reserved 1048576K
}
Event: 6.684 GC heap before
{Heap before GC invocations=3 (full 0):
 PSYoungGen      total 29696K, used 29664K [0x00000000d5580000, 0x00000000d7680000, 0x0000000100000000)
  eden space 25600K, 99% used [0x00000000d5580000,0x00000000d6e7eb88,0x00000000d6e80000)
  from space 4096K, 99% used [0x00000000d7280000,0x00000000d7679800,0x00000000d7680000)
  to   space 4096K, 0% used [0x00000000d6e80000,0x00000000d6e80000,0x00000000d7280000)
 ParOldGen       total 68608K, used 1991K [0x0000000080000000, 0x0000000084300000, 0x00000000d5580000)
  object space 68608K, 2% used [0x0000000080000000,0x00000000801f1eb8,0x0000000084300000)
 Metaspace       used 9505K, committed 9856K, reserved 1114112K
  class space    used 1010K, committed 1152K, reserved 1048576K
}
Event: 6.690 GC heap after
{Heap after GC invocations=3 (full 0):
 PSYoungGen      total 29696K, used 4082K [0x00000000d5580000, 0x00000000d7680000, 0x0000000100000000)
  eden space 25600K, 0% used [0x00000000d5580000,0x00000000d5580000,0x00000000d6e80000)
  from space 4096K, 99% used [0x00000000d6e80000,0x00000000d727caf8,0x00000000d7280000)
  to   space 4096K, 0% used [0x00000000d7280000,0x00000000d7280000,0x00000000d7680000)
 ParOldGen       total 68608K, used 4666K [0x0000000080000000, 0x0000000084300000, 0x00000000d5580000)
  object space 68608K, 6% used [0x0000000080000000,0x000000008048ea38,0x0000000084300000)
 Metaspace       used 9505K, committed 9856K, reserved 1114112K
  class space    used 1010K, committed 1152K, reserved 1048576K
}
Event: 9.843 GC heap before
{Heap before GC invocations=4 (full 0):
 PSYoungGen      total 29696K, used 29682K [0x00000000d5580000, 0x00000000d7680000, 0x0000000100000000)
  eden space 25600K, 100% used [0x00000000d5580000,0x00000000d6e80000,0x00000000d6e80000)
  from space 4096K, 99% used [0x00000000d6e80000,0x00000000d727caf8,0x00000000d7280000)
  to   space 4096K, 0% used [0x00000000d7280000,0x00000000d7280000,0x00000000d7680000)
 ParOldGen       total 68608K, used 4666K [0x0000000080000000, 0x0000000084300000, 0x00000000d5580000)
  object space 68608K, 6% used [0x0000000080000000,0x000000008048ea38,0x0000000084300000)
 Metaspace       used 11658K, committed 12032K, reserved 1114112K
  class space    used 1227K, committed 1408K, reserved 1048576K
}
Event: 9.850 GC heap after
{Heap after GC invocations=4 (full 0):
 PSYoungGen      total 29696K, used 4070K [0x00000000d5580000, 0x00000000d7680000, 0x0000000100000000)
  eden space 25600K, 0% used [0x00000000d5580000,0x00000000d5580000,0x00000000d6e80000)
  from space 4096K, 99% used [0x00000000d7280000,0x00000000d7679b18,0x00000000d7680000)
  to   space 4096K, 0% used [0x00000000d6e80000,0x00000000d6e80000,0x00000000d7280000)
 ParOldGen       total 68608K, used 6663K [0x0000000080000000, 0x0000000084300000, 0x00000000d5580000)
  object space 68608K, 9% used [0x0000000080000000,0x0000000080681e60,0x0000000084300000)
 Metaspace       used 11658K, committed 12032K, reserved 1114112K
  class space    used 1227K, committed 1408K, reserved 1048576K
}
Event: 11.340 GC heap before
{Heap before GC invocations=5 (full 0):
 PSYoungGen      total 29696K, used 29670K [0x00000000d5580000, 0x00000000d7680000, 0x0000000100000000)
  eden space 25600K, 100% used [0x00000000d5580000,0x00000000d6e80000,0x00000000d6e80000)
  from space 4096K, 99% used [0x00000000d7280000,0x00000000d7679b18,0x00000000d7680000)
  to   space 4096K, 0% used [0x00000000d6e80000,0x00000000d6e80000,0x00000000d7280000)
 ParOldGen       total 68608K, used 6663K [0x0000000080000000, 0x0000000084300000, 0x00000000d5580000)
  object space 68608K, 9% used [0x0000000080000000,0x0000000080681e60,0x0000000084300000)
 Metaspace       used 15613K, committed 16256K, reserved 1114112K
  class space    used 1609K, committed 1920K, reserved 1048576K
}
Event: 11.348 GC heap after
{Heap after GC invocations=5 (full 0):
 PSYoungGen      total 29184K, used 4066K [0x00000000d5580000, 0x00000000d7a00000, 0x0000000100000000)
  eden space 25088K, 0% used [0x00000000d5580000,0x00000000d5580000,0x00000000d6e00000)
  from space 4096K, 99% used [0x00000000d6e80000,0x00000000d7278a08,0x00000000d7280000)
  to   space 6144K, 0% used [0x00000000d7400000,0x00000000d7400000,0x00000000d7a00000)
 ParOldGen       total 68608K, used 8203K [0x0000000080000000, 0x0000000084300000, 0x00000000d5580000)
  object space 68608K, 11% used [0x0000000080000000,0x0000000080802c20,0x0000000084300000)
 Metaspace       used 15613K, committed 16256K, reserved 1114112K
  class space    used 1609K, committed 1920K, reserved 1048576K
}
Event: 13.511 GC heap before
{Heap before GC invocations=6 (full 0):
 PSYoungGen      total 29184K, used 29154K [0x00000000d5580000, 0x00000000d7a00000, 0x0000000100000000)
  eden space 25088K, 100% used [0x00000000d5580000,0x00000000d6e00000,0x00000000d6e00000)
  from space 4096K, 99% used [0x00000000d6e80000,0x00000000d7278a08,0x00000000d7280000)
  to   space 6144K, 0% used [0x00000000d7400000,0x00000000d7400000,0x00000000d7a00000)
 ParOldGen       total 68608K, used 8203K [0x0000000080000000, 0x0000000084300000, 0x00000000d5580000)
  object space 68608K, 11% used [0x0000000080000000,0x0000000080802c20,0x0000000084300000)
 Metaspace       used 18782K, committed 19520K, reserved 1114112K
  class space    used 1968K, committed 2304K, reserved 1048576K
}
Event: 13.517 GC heap after
{Heap after GC invocations=6 (full 0):
 PSYoungGen      total 29696K, used 4858K [0x00000000d5580000, 0x00000000d7900000, 0x0000000100000000)
  eden space 24576K, 0% used [0x00000000d5580000,0x00000000d5580000,0x00000000d6d80000)
  from space 5120K, 94% used [0x00000000d7400000,0x00000000d78be818,0x00000000d7900000)
  to   space 5632K, 0% used [0x00000000d6e00000,0x00000000d6e00000,0x00000000d7380000)
 ParOldGen       total 68608K, used 8211K [0x0000000080000000, 0x0000000084300000, 0x00000000d5580000)
  object space 68608K, 11% used [0x0000000080000000,0x0000000080804c20,0x0000000084300000)
 Metaspace       used 18782K, committed 19520K, reserved 1114112K
  class space    used 1968K, committed 2304K, reserved 1048576K
}
Event: 14.761 GC heap before
{Heap before GC invocations=7 (full 0):
 PSYoungGen      total 29696K, used 24183K [0x00000000d5580000, 0x00000000d7900000, 0x0000000100000000)
  eden space 24576K, 78% used [0x00000000d5580000,0x00000000d685f568,0x00000000d6d80000)
  from space 5120K, 94% used [0x00000000d7400000,0x00000000d78be818,0x00000000d7900000)
  to   space 5632K, 0% used [0x00000000d6e00000,0x00000000d6e00000,0x00000000d7380000)
 ParOldGen       total 68608K, used 8211K [0x0000000080000000, 0x0000000084300000, 0x00000000d5580000)
  object space 68608K, 11% used [0x0000000080000000,0x0000000080804c20,0x0000000084300000)
 Metaspace       used 20660K, committed 21504K, reserved 1114112K
  class space    used 2184K, committed 2560K, reserved 1048576K
}
Event: 14.770 GC heap after
{Heap after GC invocations=7 (full 0):
 PSYoungGen      total 29184K, used 4369K [0x00000000d5580000, 0x00000000d7680000, 0x0000000100000000)
  eden space 24576K, 0% used [0x00000000d5580000,0x00000000d5580000,0x00000000d6d80000)
  from space 4608K, 94% used [0x00000000d6e00000,0x00000000d72445f0,0x00000000d7280000)
  to   space 4096K, 0% used [0x00000000d7280000,0x00000000d7280000,0x00000000d7680000)
 ParOldGen       total 68608K, used 9662K [0x0000000080000000, 0x0000000084300000, 0x00000000d5580000)
  object space 68608K, 14% used [0x0000000080000000,0x000000008096f8e8,0x0000000084300000)
 Metaspace       used 20660K, committed 21504K, reserved 1114112K
  class space    used 2184K, committed 2560K, reserved 1048576K
}
Event: 14.770 GC heap before
{Heap before GC invocations=8 (full 1):
 PSYoungGen      total 29184K, used 4369K [0x00000000d5580000, 0x00000000d7680000, 0x0000000100000000)
  eden space 24576K, 0% used [0x00000000d5580000,0x00000000d5580000,0x00000000d6d80000)
  from space 4608K, 94% used [0x00000000d6e00000,0x00000000d72445f0,0x00000000d7280000)
  to   space 4096K, 0% used [0x00000000d7280000,0x00000000d7280000,0x00000000d7680000)
 ParOldGen       total 68608K, used 9662K [0x0000000080000000, 0x0000000084300000, 0x00000000d5580000)
  object space 68608K, 14% used [0x0000000080000000,0x000000008096f8e8,0x0000000084300000)
 Metaspace       used 20660K, committed 21504K, reserved 1114112K
  class space    used 2184K, committed 2560K, reserved 1048576K
}
Event: 14.827 GC heap after
{Heap after GC invocations=8 (full 1):
 PSYoungGen      total 29184K, used 0K [0x00000000d5580000, 0x00000000d7680000, 0x0000000100000000)
  eden space 24576K, 0% used [0x00000000d5580000,0x00000000d5580000,0x00000000d6d80000)
  from space 4608K, 0% used [0x00000000d6e00000,0x00000000d6e00000,0x00000000d7280000)
  to   space 4096K, 0% used [0x00000000d7280000,0x00000000d7280000,0x00000000d7680000)
 ParOldGen       total 68608K, used 13481K [0x0000000080000000, 0x0000000084300000, 0x00000000d5580000)
  object space 68608K, 19% used [0x0000000080000000,0x0000000080d2a5c0,0x0000000084300000)
 Metaspace       used 20647K, committed 21504K, reserved 1114112K
  class space    used 2181K, committed 2560K, reserved 1048576K
}

Dll operation events (20 events):
Event: 0.025 Attempting to load shared library c:\Users\HNC140923\.vscode\extensions\redhat.java-1.56.0-win32-x64\jre\21.0.12.1-win32-x86_64\bin\java.dll
Event: 0.025 Loaded shared library c:\Users\HNC140923\.vscode\extensions\redhat.java-1.56.0-win32-x64\jre\21.0.12.1-win32-x86_64\bin\java.dll
Event: 0.178 Attempting to load shared library c:\Users\HNC140923\.vscode\extensions\redhat.java-1.56.0-win32-x64\jre\21.0.12.1-win32-x86_64\bin\zip.dll
Event: 0.180 Loaded shared library c:\Users\HNC140923\.vscode\extensions\redhat.java-1.56.0-win32-x64\jre\21.0.12.1-win32-x86_64\bin\zip.dll
Event: 0.227 Attempting to load shared library C:\Users\HNC140923\.vscode\extensions\redhat.java-1.56.0-win32-x64\jre\21.0.12.1-win32-x86_64\bin\instrument.dll
Event: 0.227 Loaded shared library C:\Users\HNC140923\.vscode\extensions\redhat.java-1.56.0-win32-x64\jre\21.0.12.1-win32-x86_64\bin\instrument.dll
Event: 0.262 Attempting to load shared library C:\Users\HNC140923\.vscode\extensions\redhat.java-1.56.0-win32-x64\jre\21.0.12.1-win32-x86_64\bin\net.dll
Event: 0.265 Loaded shared library C:\Users\HNC140923\.vscode\extensions\redhat.java-1.56.0-win32-x64\jre\21.0.12.1-win32-x86_64\bin\net.dll
Event: 0.269 Attempting to load shared library C:\Users\HNC140923\.vscode\extensions\redhat.java-1.56.0-win32-x64\jre\21.0.12.1-win32-x86_64\bin\nio.dll
Event: 0.270 Loaded shared library C:\Users\HNC140923\.vscode\extensions\redhat.java-1.56.0-win32-x64\jre\21.0.12.1-win32-x86_64\bin\nio.dll
Event: 0.275 Attempting to load shared library C:\Users\HNC140923\.vscode\extensions\redhat.java-1.56.0-win32-x64\jre\21.0.12.1-win32-x86_64\bin\zip.dll
Event: 0.275 Loaded shared library C:\Users\HNC140923\.vscode\extensions\redhat.java-1.56.0-win32-x64\jre\21.0.12.1-win32-x86_64\bin\zip.dll
Event: 0.363 Attempting to load shared library C:\Users\HNC140923\.vscode\extensions\redhat.java-1.56.0-win32-x64\jre\21.0.12.1-win32-x86_64\bin\jimage.dll
Event: 0.363 Loaded shared library C:\Users\HNC140923\.vscode\extensions\redhat.java-1.56.0-win32-x64\jre\21.0.12.1-win32-x86_64\bin\jimage.dll
Event: 0.617 Attempting to load shared library c:\Users\HNC140923\.vscode\extensions\redhat.java-1.56.0-win32-x64\jre\21.0.12.1-win32-x86_64\bin\verify.dll
Event: 0.618 Loaded shared library c:\Users\HNC140923\.vscode\extensions\redhat.java-1.56.0-win32-x64\jre\21.0.12.1-win32-x86_64\bin\verify.dll
Event: 5.169 Attempting to load shared library C:\Users\HNC140923\AppData\Roaming\Code\User\globalStorage\redhat.java\1.56.0\config_win\org.eclipse.equinox.launcher\org.eclipse.equinox.launcher.win32.win32.x86_64_1.3.100.v20260804-1928\eclipse_11924.dll
Event: 5.180 Loaded shared library C:\Users\HNC140923\AppData\Roaming\Code\User\globalStorage\redhat.java\1.56.0\config_win\org.eclipse.equinox.launcher\org.eclipse.equinox.launcher.win32.win32.x86_64_1.3.100.v20260804-1928\eclipse_11924.dll
Event: 11.772 Attempting to load shared library C:\Users\HNC140923\AppData\Local\Temp\jna--2001907478\jna11719774406416380445.dll
Event: 11.778 Loaded shared library C:\Users\HNC140923\AppData\Local\Temp\jna--2001907478\jna11719774406416380445.dll

Deoptimization events (20 events):
Event: 13.891 Thread 0x00000264fe51ec40 Uncommon trap: trap_request=0xffffffc6 fr.pc=0x00000264f13d0110 relative=0x0000000000001430
Event: 13.891 Thread 0x00000264fe51ec40 Uncommon trap: reason=bimorphic_or_optimized_type_check action=maybe_recompile pc=0x00000264f13d0110 method=java.io.FilterInputStream.read([BII)I @ 7 c2
Event: 13.891 Thread 0x00000264fe51ec40 DEOPT PACKING pc=0x00000264f13d0110 sp=0x000000aa3e0f18d0
Event: 13.891 Thread 0x00000264fe51ec40 DEOPT UNPACKING pc=0x00000264f0d36da2 sp=0x000000aa3e0f1918 mode 2
Event: 13.892 Thread 0x00000264fe51ec40 Uncommon trap: trap_request=0xffffffc6 fr.pc=0x00000264f13d0110 relative=0x0000000000001430
Event: 13.892 Thread 0x00000264fe51ec40 Uncommon trap: reason=bimorphic_or_optimized_type_check action=maybe_recompile pc=0x00000264f13d0110 method=java.io.FilterInputStream.read([BII)I @ 7 c2
Event: 13.892 Thread 0x00000264fe51ec40 DEOPT PACKING pc=0x00000264f13d0110 sp=0x000000aa3e0f18d0
Event: 13.892 Thread 0x00000264fe51ec40 DEOPT UNPACKING pc=0x00000264f0d36da2 sp=0x000000aa3e0f1918 mode 2
Event: 13.892 Thread 0x00000264fe51ec40 Uncommon trap: trap_request=0xffffffc6 fr.pc=0x00000264f13d0110 relative=0x0000000000001430
Event: 13.892 Thread 0x00000264fe51ec40 Uncommon trap: reason=bimorphic_or_optimized_type_check action=maybe_recompile pc=0x00000264f13d0110 method=java.io.FilterInputStream.read([BII)I @ 7 c2
Event: 13.892 Thread 0x00000264fe51ec40 DEOPT PACKING pc=0x00000264f13d0110 sp=0x000000aa3e0f18d0
Event: 13.892 Thread 0x00000264fe51ec40 DEOPT UNPACKING pc=0x00000264f0d36da2 sp=0x000000aa3e0f1918 mode 2
Event: 14.171 Thread 0x00000264fe51ec40 Uncommon trap: trap_request=0xffffff45 fr.pc=0x00000264f12a8358 relative=0x0000000000000478
Event: 14.171 Thread 0x00000264fe51ec40 Uncommon trap: reason=unstable_if action=reinterpret pc=0x00000264f12a8358 method=java.lang.StringLatin1.canEncode(C)Z @ 4 c2
Event: 14.171 Thread 0x00000264fe51ec40 DEOPT PACKING pc=0x00000264f12a8358 sp=0x000000aa3e0f2c90
Event: 14.171 Thread 0x00000264fe51ec40 DEOPT UNPACKING pc=0x00000264f0d36da2 sp=0x000000aa3e0f2bc0 mode 2
Event: 14.171 Thread 0x00000264fe51ec40 Uncommon trap: trap_request=0xffffff45 fr.pc=0x00000264f12a712c relative=0x000000000000044c
Event: 14.171 Thread 0x00000264fe51ec40 Uncommon trap: reason=unstable_if action=reinterpret pc=0x00000264f12a712c method=java.lang.AbstractStringBuilder.isLatin1()Z @ 10 c2
Event: 14.171 Thread 0x00000264fe51ec40 DEOPT PACKING pc=0x00000264f12a712c sp=0x000000aa3e0f2cb0
Event: 14.171 Thread 0x00000264fe51ec40 DEOPT UNPACKING pc=0x00000264f0d36da2 sp=0x000000aa3e0f2c40 mode 2

Classes loaded (20 events):
Event: 14.594 Loading class java/io/SerialCallbackContext
Event: 14.594 Loading class java/io/SerialCallbackContext done
Event: 14.596 Loading class java/util/HashMap$UnsafeHolder
Event: 14.596 Loading class java/util/HashMap$UnsafeHolder done
Event: 14.691 Loading class org/w3c/dom/Node
Event: 14.691 Loading class org/w3c/dom/Node done
Event: 14.692 Loading class javax/xml/transform/Result
Event: 14.698 Loading class javax/xml/transform/Result done
Event: 14.698 Loading class javax/xml/transform/Source
Event: 14.698 Loading class javax/xml/transform/Source done
Event: 15.013 Loading class java/net/Authenticator
Event: 15.014 Loading class java/net/Authenticator done
Event: 15.085 Loading class java/net/SocketAddress
Event: 15.089 Loading class java/net/SocketAddress done
Event: 15.089 Loading class java/net/InetSocketAddress
Event: 15.090 Loading class java/net/InetSocketAddress done
Event: 15.090 Loading class java/nio/channels/AsynchronousByteChannel
Event: 15.090 Loading class java/nio/channels/AsynchronousChannel
Event: 15.090 Loading class java/nio/channels/AsynchronousChannel done
Event: 15.090 Loading class java/nio/channels/AsynchronousByteChannel done

Classes unloaded (7 events):
Event: 14.780 Thread 0x00000264e666d110 Unloading class 0x00000264811ac800 'java/lang/invoke/LambdaForm$MH+0x00000264811ac800'
Event: 14.780 Thread 0x00000264e666d110 Unloading class 0x00000264811ac400 'java/lang/invoke/LambdaForm$MH+0x00000264811ac400'
Event: 14.780 Thread 0x00000264e666d110 Unloading class 0x00000264811ac000 'java/lang/invoke/LambdaForm$MH+0x00000264811ac000'
Event: 14.780 Thread 0x00000264e666d110 Unloading class 0x00000264811abc00 'java/lang/invoke/LambdaForm$MH+0x00000264811abc00'
Event: 14.780 Thread 0x00000264e666d110 Unloading class 0x00000264811ab800 'java/lang/invoke/LambdaForm$BMH+0x00000264811ab800'
Event: 14.780 Thread 0x00000264e666d110 Unloading class 0x00000264811ab400 'java/lang/invoke/LambdaForm$DMH+0x00000264811ab400'
Event: 14.780 Thread 0x00000264e666d110 Unloading class 0x00000264811aa000 'java/lang/invoke/LambdaForm$DMH+0x00000264811aa000'

Classes redefined (0 events):
No events

Internal exceptions (20 events):
Event: 11.891 Thread 0x00000264fe51ec40 Exception <a 'java/lang/NoSuchMethodError'{0x00000000d5bf2e98}: 'int java.lang.invoke.Invokers$Holder.invokeExact_MT(java.lang.Object, java.lang.Object, java.lang.Object)'> (0x00000000d5bf2e98) 
thrown [s\src\hotspot\share\interpreter\linkResolver.cpp, line 773]
Event: 12.004 Thread 0x00000264fe51ec40 Exception <a 'java/lang/NoSuchMethodError'{0x00000000d5cd0a50}: method resolution failed> (0x00000000d5cd0a50) 
thrown [s\src\hotspot\share\prims\methodHandles.cpp, line 1136]
Event: 12.071 Thread 0x00000264fe51ec40 Exception <a 'java/lang/NoSuchMethodError'{0x00000000d5d291e0}: 'void java.lang.invoke.Invokers$Holder.invokeExact_MT(java.lang.Object, java.lang.Object, int, java.lang.Object)'> (0x00000000d5d291e0) 
thrown [s\src\hotspot\share\interpreter\linkResolver.cpp, line 773]
Event: 12.212 Thread 0x00000264fe51ec40 Exception <a 'java/lang/NoSuchMethodError'{0x00000000d5e4f6e8}: 'java.lang.Object java.lang.invoke.DirectMethodHandle$Holder.invokeSpecial(java.lang.Object, java.lang.Object, java.lang.Object, long, java.lang.Object)'> (0x00000000d5e4f6e8) 
thrown [s\src\hotspot\share\interpreter\linkResolver.cpp, line 773]
Event: 12.215 Thread 0x00000264fe51ec40 Exception <a 'java/lang/NoSuchMethodError'{0x00000000d5e56f30}: 'java.lang.Object java.lang.invoke.DirectMethodHandle$Holder.newInvokeSpecial(java.lang.Object, java.lang.Object, java.lang.Object, long)'> (0x00000000d5e56f30) 
thrown [s\src\hotspot\share\interpreter\linkResolver.cpp, line 773]
Event: 12.216 Thread 0x00000264fe51ec40 Exception <a 'java/lang/NoSuchMethodError'{0x00000000d5e5b2e0}: 'java.lang.Object java.lang.invoke.DirectMethodHandle$Holder.invokeSpecial(java.lang.Object, java.lang.Object, java.lang.Object, java.lang.Object, long)'> (0x00000000d5e5b2e0) 
thrown [s\src\hotspot\share\interpreter\linkResolver.cpp, line 773]
Event: 12.216 Thread 0x00000264fe51ec40 Exception <a 'java/lang/NoSuchMethodError'{0x00000000d5e5ef00}: 'java.lang.Object java.lang.invoke.Invokers$Holder.linkToTargetMethod(java.lang.Object, java.lang.Object, long, java.lang.Object)'> (0x00000000d5e5ef00) 
thrown [s\src\hotspot\share\interpreter\linkResolver.cpp, line 773]
Event: 12.274 Thread 0x00000264fe51ec40 Exception <a 'java/lang/NoSuchMethodError'{0x00000000d5ec00e0}: 'int java.lang.invoke.DirectMethodHandle$Holder.invokeStaticInit(java.lang.Object, java.lang.Object, java.lang.Object)'> (0x00000000d5ec00e0) 
thrown [s\src\hotspot\share\interpreter\linkResolver.cpp, line 773]
Event: 12.415 Thread 0x00000264fe51ec40 Exception <a 'java/lang/IncompatibleClassChangeError'{0x00000000d5f87138}: Found class java.lang.Object, but interface was expected> (0x00000000d5f87138) 
thrown [s\src\hotspot\share\interpreter\linkResolver.cpp, line 840]
Event: 12.496 Thread 0x00000264fe51ec40 Exception <a 'java/lang/NoSuchMethodError'{0x00000000d5f9bd80}: 'java.lang.Object java.lang.invoke.DirectMethodHandle$Holder.invokeSpecial(java.lang.Object, java.lang.Object, java.lang.Object, int, java.lang.Object, java.lang.Object)'> (0x00000000d5f9bd80) 
thrown [s\src\hotspot\share\interpreter\linkResolver.cpp, line 773]
Event: 12.498 Thread 0x00000264fe51ec40 Exception <a 'java/lang/NoSuchMethodError'{0x00000000d5fa3688}: 'java.lang.Object java.lang.invoke.DirectMethodHandle$Holder.newInvokeSpecial(java.lang.Object, java.lang.Object, java.lang.Object, int, java.lang.Object)'> (0x00000000d5fa3688) 
thrown [s\src\hotspot\share\interpreter\linkResolver.cpp, line 773]
Event: 12.524 Thread 0x00000264fe51ec40 Exception <a 'java/lang/NoSuchMethodError'{0x00000000d5fa7588}: 'java.lang.Object java.lang.invoke.DirectMethodHandle$Holder.invokeSpecial(java.lang.Object, java.lang.Object, java.lang.Object, java.lang.Object, int, java.lang.Object)'> (0x00000000d5fa7588) 
thrown [s\src\hotspot\share\interpreter\linkResolver.cpp, line 773]
Event: 12.525 Thread 0x00000264fe51ec40 Exception <a 'java/lang/NoSuchMethodError'{0x00000000d5fab0b8}: 'java.lang.Object java.lang.invoke.Invokers$Holder.linkToTargetMethod(java.lang.Object, java.lang.Object, int, java.lang.Object, java.lang.Object)'> (0x00000000d5fab0b8) 
thrown [s\src\hotspot\share\interpreter\linkResolver.cpp, line 773]
Event: 12.541 Thread 0x00000264fdb4ec00 Exception <a 'java/lang/NoSuchMethodError'{0x00000000d5fce248}: 'java.lang.Object java.lang.invoke.DirectMethodHandle$Holder.invokeSpecial(java.lang.Object, java.lang.Object, int, java.lang.Object, java.lang.Object)'> (0x00000000d5fce248) 
thrown [s\src\hotspot\share\interpreter\linkResolver.cpp, line 773]
Event: 12.654 Thread 0x00000264fe51ec40 Exception <a 'java/lang/NoSuchMethodError'{0x00000000d60cc3c8}: 'void java.lang.invoke.DirectMethodHandle$Holder.invokeSpecial(java.lang.Object, java.lang.Object, java.lang.Object, java.lang.Object, java.lang.Object)'> (0x00000000d60cc3c8) 
thrown [s\src\hotspot\share\interpreter\linkResolver.cpp, line 773]
Event: 13.232 Thread 0x00000264fe51ec40 Exception <a 'java/lang/NoSuchMethodError'{0x00000000d687f760}: 'java.lang.Object java.lang.invoke.DirectMethodHandle$Holder.invokeInterface(java.lang.Object, java.lang.Object, java.lang.Object)'> (0x00000000d687f760) 
thrown [s\src\hotspot\share\interpreter\linkResolver.cpp, line 773]
Event: 13.488 Thread 0x00000264fe51ec40 Exception <a 'java/lang/NoSuchMethodError'{0x00000000d6d8fe70}: 'java.lang.Object java.lang.invoke.Invokers$Holder.linkToTargetMethod(java.lang.Object, long, java.lang.Object, java.lang.Object)'> (0x00000000d6d8fe70) 
thrown [s\src\hotspot\share\interpreter\linkResolver.cpp, line 773]
Event: 13.947 Thread 0x00000264fe51ec40 Exception <a 'java/io/FileNotFoundException'{0x00000000d5d40318}> (0x00000000d5d40318) 
thrown [s\src\hotspot\share\prims\jni.cpp, line 520]
Event: 13.949 Thread 0x00000264fe51ec40 Exception <a 'java/lang/NoSuchMethodError'{0x00000000d5d488e0}: 'java.lang.Object java.lang.invoke.DirectMethodHandle$Holder.newInvokeSpecial(java.lang.Object, int, java.lang.Object, java.lang.Object)'> (0x00000000d5d488e0) 
thrown [s\src\hotspot\share\interpreter\linkResolver.cpp, line 773]
Event: 14.558 Thread 0x00000264fe51ec40 Exception <a 'java/lang/NoSuchMethodError'{0x00000000d6604d28}: 'long java.lang.invoke.Invokers$Holder.invokeExact_MT(java.lang.Object, java.lang.Object)'> (0x00000000d6604d28) 
thrown [s\src\hotspot\share\interpreter\linkResolver.cpp, line 773]

ZGC Phase Switch (0 events):
No events

VM Operations (20 events):
Event: 11.340 Executing safepoint VM operation: ParallelGCFailedAllocation (Allocation Failure)
Event: 11.348 Executing safepoint VM operation: ParallelGCFailedAllocation (Allocation Failure) done
Event: 11.720 Executing non-safepoint VM operation: HandshakeAllThreads (Deoptimize)
Event: 11.720 Executing non-safepoint VM operation: HandshakeAllThreads (Deoptimize) done
Event: 11.837 Executing non-safepoint VM operation: HandshakeAllThreads (Deoptimize)
Event: 11.837 Executing non-safepoint VM operation: HandshakeAllThreads (Deoptimize) done
Event: 12.844 Executing safepoint VM operation: Cleanup
Event: 12.844 Executing safepoint VM operation: Cleanup done
Event: 12.954 Executing non-safepoint VM operation: HandshakeAllThreads (Deoptimize)
Event: 12.954 Executing non-safepoint VM operation: HandshakeAllThreads (Deoptimize) done
Event: 13.089 Executing non-safepoint VM operation: HandshakeAllThreads (Deoptimize)
Event: 13.089 Executing non-safepoint VM operation: HandshakeAllThreads (Deoptimize) done
Event: 13.110 Executing non-safepoint VM operation: HandshakeAllThreads (Deoptimize)
Event: 13.111 Executing non-safepoint VM operation: HandshakeAllThreads (Deoptimize) done
Event: 13.511 Executing safepoint VM operation: ParallelGCFailedAllocation (Allocation Failure)
Event: 13.517 Executing safepoint VM operation: ParallelGCFailedAllocation (Allocation Failure) done
Event: 14.527 Executing safepoint VM operation: Cleanup
Event: 14.544 Executing safepoint VM operation: Cleanup done
Event: 14.761 Executing safepoint VM operation: CollectForMetadataAllocation (Metadata GC Threshold)
Event: 14.827 Executing safepoint VM operation: CollectForMetadataAllocation (Metadata GC Threshold) done

Memory protections (0 events):
No events

Nmethod flushes (0 events):
No events

Events (20 events):
Event: 0.078 Thread 0x00000264e65ad7c0 Thread added: 0x00000264e64a3440
Event: 0.078 Thread 0x00000264e65ad7c0 Thread added: 0x00000264e64a6fc0
Event: 0.078 Thread 0x00000264e65ad7c0 Thread added: 0x00000264e64a8ca0
Event: 0.078 Thread 0x00000264e65ad7c0 Thread added: 0x00000264e64a9ea0
Event: 0.079 Thread 0x00000264e65ad7c0 Thread added: 0x00000264e64aa900
Event: 0.079 Thread 0x00000264e65ad7c0 Thread added: 0x00000264e64ae6b0
Event: 0.084 Thread 0x00000264e65ad7c0 Thread added: 0x00000264e6524f20
Event: 0.255 Thread 0x00000264e65ad7c0 Thread added: 0x00000264fdc09350
Event: 0.983 Thread 0x00000264e65ad7c0 Thread added: 0x00000264fdcc7990
Event: 3.654 Thread 0x00000264e65ad7c0 Thread added: 0x00000264fe29bb50
Event: 5.131 Thread 0x00000264e65ad7c0 Thread added: 0x00000264fe52ce50
Event: 5.388 Thread 0x00000264fe52ce50 Thread added: 0x00000264fe51e200
Event: 5.403 Thread 0x00000264e65ad7c0 Thread added: 0x00000264fe51ec40
Event: 6.839 Thread 0x00000264fe51ec40 Thread added: 0x00000264fe959670
Event: 9.100 Thread 0x00000264fe51ec40 Thread added: 0x00000264feca7110
Event: 10.683 Thread 0x00000264fe51ec40 Thread added: 0x00000264fdb4f810
Event: 11.958 Thread 0x00000264fe51ec40 Thread added: 0x00000264fdb4dee0
Event: 12.234 Thread 0x00000264fe51ec40 Thread added: 0x00000264fdb4e570
Event: 12.537 Thread 0x00000264fe51ec40 Thread added: 0x00000264fdb4ec00
Event: 12.542 Thread 0x00000264fdb4ec00 Thread added: 0x00000264fdb4d850


Dynamic libraries:
0x00007ff7113b0000 - 0x00007ff7113be000 	c:\Users\HNC140923\.vscode\extensions\redhat.java-1.56.0-win32-x64\jre\21.0.12.1-win32-x86_64\bin\java.exe
0x00007ffe74ca0000 - 0x00007ffe74f06000 	C:\WINDOWS\SYSTEM32\ntdll.dll
0x00007ffe73910000 - 0x00007ffe739d9000 	C:\WINDOWS\System32\KERNEL32.DLL
0x00007ffe71f70000 - 0x00007ffe7236f000 	C:\WINDOWS\System32\KERNELBASE.dll
0x00007ffe72380000 - 0x00007ffe724cc000 	C:\WINDOWS\System32\ucrtbase.dll
0x00007ffe5d1f0000 - 0x00007ffe5d208000 	c:\Users\HNC140923\.vscode\extensions\redhat.java-1.56.0-win32-x64\jre\21.0.12.1-win32-x86_64\bin\jli.dll
0x00007ffe72a80000 - 0x00007ffe72c46000 	C:\WINDOWS\System32\USER32.dll
0x00007ffe724e0000 - 0x00007ffe72507000 	C:\WINDOWS\System32\win32u.dll
0x00007ffe729d0000 - 0x00007ffe729fb000 	C:\WINDOWS\System32\GDI32.dll
0x00007ffe728a0000 - 0x00007ffe729c9000 	C:\WINDOWS\System32\gdi32full.dll
0x00007ffe727f0000 - 0x00007ffe72893000 	C:\WINDOWS\System32\msvcp_win.dll
0x00007ffe56110000 - 0x00007ffe5612e000 	c:\Users\HNC140923\.vscode\extensions\redhat.java-1.56.0-win32-x64\jre\21.0.12.1-win32-x86_64\bin\VCRUNTIME140.dll
0x00007ffe5e8b0000 - 0x00007ffe5eb41000 	C:\WINDOWS\WinSxS\amd64_microsoft.windows.common-controls_6595b64144ccf1df_6.0.26100.8972_none_3e0da176e32f9d4b\COMCTL32.dll
0x00007ffe73b20000 - 0x00007ffe73bc9000 	C:\WINDOWS\System32\msvcrt.dll
0x00007ffe74bd0000 - 0x00007ffe74c02000 	C:\WINDOWS\System32\IMM32.DLL
0x00007ffe6ba00000 - 0x00007ffe6ba0c000 	c:\Users\HNC140923\.vscode\extensions\redhat.java-1.56.0-win32-x64\jre\21.0.12.1-win32-x86_64\bin\vcruntime140_1.dll
0x00007ffdb6000000 - 0x00007ffdb608d000 	c:\Users\HNC140923\.vscode\extensions\redhat.java-1.56.0-win32-x64\jre\21.0.12.1-win32-x86_64\bin\msvcp140.dll
0x00007ffd8a210000 - 0x00007ffd8afb2000 	c:\Users\HNC140923\.vscode\extensions\redhat.java-1.56.0-win32-x64\jre\21.0.12.1-win32-x86_64\bin\server\jvm.dll
0x00007ffe72cb0000 - 0x00007ffe72d6c000 	C:\WINDOWS\System32\ADVAPI32.dll
0x00007ffe739e0000 - 0x00007ffe73a8a000 	C:\WINDOWS\System32\sechost.dll
0x00007ffe72e80000 - 0x00007ffe72f98000 	C:\WINDOWS\System32\RPCRT4.dll
0x00007ffe749b0000 - 0x00007ffe74a32000 	C:\WINDOWS\System32\WS2_32.dll
0x00007ffe71d30000 - 0x00007ffe71d8e000 	C:\WINDOWS\SYSTEM32\POWRPROF.dll
0x00007ffe5b270000 - 0x00007ffe5b2a6000 	C:\WINDOWS\SYSTEM32\WINMM.dll
0x00007ffe6c270000 - 0x00007ffe6c27b000 	C:\WINDOWS\SYSTEM32\VERSION.dll
0x00007ffe71d10000 - 0x00007ffe71d25000 	C:\WINDOWS\SYSTEM32\UMPDC.dll
0x00007ffe70ba0000 - 0x00007ffe70bbb000 	C:\WINDOWS\SYSTEM32\kernel.appcore.dll
0x00007ffe692f0000 - 0x00007ffe692fa000 	c:\Users\HNC140923\.vscode\extensions\redhat.java-1.56.0-win32-x64\jre\21.0.12.1-win32-x86_64\bin\jimage.dll
0x00007ffe6f660000 - 0x00007ffe6f8a2000 	C:\WINDOWS\SYSTEM32\DBGHELP.DLL
0x00007ffe73e00000 - 0x00007ffe74185000 	C:\WINDOWS\System32\combase.dll
0x00007ffe73600000 - 0x00007ffe736d9000 	C:\WINDOWS\System32\OLEAUT32.dll
0x00007ffe59aa0000 - 0x00007ffe59adb000 	C:\WINDOWS\SYSTEM32\dbgcore.DLL
0x00007ffe726a0000 - 0x00007ffe7274c000 	C:\WINDOWS\System32\bcryptPrimitives.dll
0x00007ffe65960000 - 0x00007ffe6596f000 	c:\Users\HNC140923\.vscode\extensions\redhat.java-1.56.0-win32-x64\jre\21.0.12.1-win32-x86_64\bin\instrument.dll
0x00007ffe560d0000 - 0x00007ffe560f0000 	c:\Users\HNC140923\.vscode\extensions\redhat.java-1.56.0-win32-x64\jre\21.0.12.1-win32-x86_64\bin\java.dll
0x00007ffe74220000 - 0x00007ffe749a8000 	C:\WINDOWS\System32\SHELL32.dll
0x00007ffe6f9a0000 - 0x00007ffe7023b000 	C:\WINDOWS\SYSTEM32\windows.storage.dll
0x00007ffe74ac0000 - 0x00007ffe74bb9000 	C:\WINDOWS\System32\SHCORE.dll
0x00007ffe74a50000 - 0x00007ffe74ab6000 	C:\WINDOWS\System32\shlwapi.dll
0x00007ffe71dd0000 - 0x00007ffe71df9000 	C:\WINDOWS\SYSTEM32\profapi.dll
0x00007ffe41500000 - 0x00007ffe41518000 	c:\Users\HNC140923\.vscode\extensions\redhat.java-1.56.0-win32-x64\jre\21.0.12.1-win32-x86_64\bin\zip.dll
0x00007ffe68f70000 - 0x00007ffe68f80000 	C:\Users\HNC140923\.vscode\extensions\redhat.java-1.56.0-win32-x64\jre\21.0.12.1-win32-x86_64\bin\net.dll
0x00007ffe64a70000 - 0x00007ffe64b98000 	C:\WINDOWS\SYSTEM32\WINHTTP.dll
0x00007ffe71150000 - 0x00007ffe711bc000 	C:\WINDOWS\system32\mswsock.dll
0x00007ffe3eee0000 - 0x00007ffe3eef6000 	C:\Users\HNC140923\.vscode\extensions\redhat.java-1.56.0-win32-x64\jre\21.0.12.1-win32-x86_64\bin\nio.dll
0x00007ffe658b0000 - 0x00007ffe658c0000 	c:\Users\HNC140923\.vscode\extensions\redhat.java-1.56.0-win32-x64\jre\21.0.12.1-win32-x86_64\bin\verify.dll
0x00007ffe0fb60000 - 0x00007ffe0fba5000 	C:\Users\HNC140923\AppData\Roaming\Code\User\globalStorage\redhat.java\1.56.0\config_win\org.eclipse.equinox.launcher\org.eclipse.equinox.launcher.win32.win32.x86_64_1.3.100.v20260804-1928\eclipse_11924.dll
0x00007ffe72fc0000 - 0x00007ffe73159000 	C:\WINDOWS\System32\ole32.dll
0x00007ffe71440000 - 0x00007ffe7145b000 	C:\WINDOWS\SYSTEM32\CRYPTSP.dll
0x00007ffe70b00000 - 0x00007ffe70b39000 	C:\WINDOWS\system32\rsaenh.dll
0x00007ffe71200000 - 0x00007ffe71232000 	C:\WINDOWS\SYSTEM32\USERENV.dll
0x00007ffe71da0000 - 0x00007ffe71dca000 	C:\WINDOWS\SYSTEM32\bcrypt.dll
0x00007ffe71460000 - 0x00007ffe7146c000 	C:\WINDOWS\SYSTEM32\CRYPTBASE.dll
0x00007ffe70570000 - 0x00007ffe705a3000 	C:\WINDOWS\SYSTEM32\IPHLPAPI.DLL
0x00007ffe73160000 - 0x00007ffe7316a000 	C:\WINDOWS\System32\NSI.dll
0x00007ffe4da60000 - 0x00007ffe4daa9000 	C:\Users\HNC140923\AppData\Local\Temp\jna--2001907478\jna11719774406416380445.dll
0x00007ffe74a40000 - 0x00007ffe74a48000 	C:\WINDOWS\System32\PSAPI.DLL

JVMTI agents:
c:\Users\HNC140923\.vscode\extensions\redhat.java-1.56.0-win32-x64\lombok\lombok-1.18.39-4050.jar path:c:\Users\HNC140923\.vscode\extensions\redhat.java-1.56.0-win32-x64\jre\21.0.12.1-win32-x86_64\bin\instrument.dll, loaded, initialized, instrumentlib options:none

dbghelp: loaded successfully - version: 4.0.5 - missing functions: none
symbol engine: initialized successfully - sym options: 0x614 - pdb path: .;c:\Users\HNC140923\.vscode\extensions\redhat.java-1.56.0-win32-x64\jre\21.0.12.1-win32-x86_64\bin;C:\WINDOWS\SYSTEM32;C:\WINDOWS\WinSxS\amd64_microsoft.windows.common-controls_6595b64144ccf1df_6.0.26100.8972_none_3e0da176e32f9d4b;c:\Users\HNC140923\.vscode\extensions\redhat.java-1.56.0-win32-x64\jre\21.0.12.1-win32-x86_64\bin\server;C:\Users\HNC140923\AppData\Roaming\Code\User\globalStorage\redhat.java\1.56.0\config_win\org.eclipse.equinox.launcher\org.eclipse.equinox.launcher.win32.win32.x86_64_1.3.100.v20260804-1928;C:\Users\HNC140923\AppData\Local\Temp\jna--2001907478

VM Arguments:
jvm_args: --add-modules=ALL-SYSTEM --add-opens=java.base/java.util=ALL-UNNAMED --add-opens=java.base/java.lang=ALL-UNNAMED --add-opens=java.base/sun.nio.fs=ALL-UNNAMED -Declipse.application=org.eclipse.jdt.ls.core.id1 -Dosgi.bundles.defaultStartLevel=4 -Declipse.product=org.eclipse.jdt.ls.core.product -Djava.import.generatesMetadataFilesAtProjectRoot=false -Dm2e.project.cache.size=50 -DDetectVMInstallationsJob.disabled=true -Dfile.encoding=utf8 -XX:+UseParallelGC -XX:GCTimeRatio=4 -XX:AdaptiveSizePolicyWeight=90 -Dsun.zip.disableMemoryMapping=true -Xmx2G -Xms100m -Xlog:disable -javaagent:c:\Users\HNC140923\.vscode\extensions\redhat.java-1.56.0-win32-x64\lombok\lombok-1.18.39-4050.jar -XX:+HeapDumpOnOutOfMemoryError -XX:HeapDumpPath=c:\Users\HNC140923\AppData\Roaming\Code\User\workspaceStorage\21cd586050612c21c0e6934e6d9f83d8\redhat.java -Daether.dependencyCollector.impl=bf 
java_command: c:\Users\HNC140923\.vscode\extensions\redhat.java-1.56.0-win32-x64\server\plugins\org.eclipse.equinox.launcher_1.8.0.v20260804-1928.jar -configuration c:\Users\HNC140923\AppData\Roaming\Code\User\globalStorage\redhat.java\1.56.0\config_win -data c:\Users\HNC140923\AppData\Roaming\Code\User\workspaceStorage\21cd586050612c21c0e6934e6d9f83d8\redhat.java\jdt_ws --pipe=\\.\pipe\lsp-9d971aa2dfeaef334f23a7ba665c0f42-sock
java_class_path (initial): c:\Users\HNC140923\.vscode\extensions\redhat.java-1.56.0-win32-x64\server\plugins\org.eclipse.equinox.launcher_1.8.0.v20260804-1928.jar
Launcher Type: SUN_STANDARD

[Global flags]
    uintx AdaptiveSizePolicyWeight                 = 90                                        {product} {command line}
     intx CICompilerCount                          = 3                                         {product} {ergonomic}
    uintx GCTimeRatio                              = 4                                         {product} {command line}
     bool HeapDumpOnOutOfMemoryError               = true                                   {manageable} {command line}
    ccstr HeapDumpPath                             = c:\Users\HNC140923\AppData\Roaming\Code\User\workspaceStorage\21cd586050612c21c0e6934e6d9f83d8\redhat.java         {manageable} {command line}
   size_t InitialHeapSize                          = 104857600                                 {product} {command line}
   size_t MaxHeapSize                              = 2147483648                                {product} {command line}
   size_t MaxNewSize                               = 715653120                                 {product} {ergonomic}
   size_t MinHeapDeltaBytes                        = 524288                                    {product} {ergonomic}
   size_t MinHeapSize                              = 104857600                                 {product} {command line}
   size_t NewSize                                  = 34603008                                  {product} {ergonomic}
    uintx NonNMethodCodeHeapSize                   = 5832780                                {pd product} {ergonomic}
    uintx NonProfiledCodeHeapSize                  = 122912730                              {pd product} {ergonomic}
   size_t OldSize                                  = 70254592                                  {product} {ergonomic}
    uintx ProfiledCodeHeapSize                     = 122912730                              {pd product} {ergonomic}
    uintx ReservedCodeCacheSize                    = 251658240                              {pd product} {ergonomic}
     bool SegmentedCodeCache                       = true                                      {product} {ergonomic}
   size_t SoftMaxHeapSize                          = 2147483648                             {manageable} {ergonomic}
     bool UseCompressedOops                        = true                           {product lp64_product} {ergonomic}
     bool UseLargePagesIndividualAllocation        = false                                  {pd product} {ergonomic}
     bool UseParallelGC                            = true                                      {product} {command line}

Logging:
Log output configuration:
 #0: stdout all=off uptime,level,tags foldmultilines=false
 #1: stderr all=off uptime,level,tags foldmultilines=false

Release file:
JAVA_VERSION="21.0.12.1" 
MODULES="java.base java.compiler java.datatransfer java.xml java.prefs java.desktop java.instrument java.logging java.management java.security.sasl java.naming java.rmi java.management.rmi java.net.http java.scripting java.security.jgss java.transaction.xa java.sql java.sql.rowset java.xml.crypto java.se java.smartcardio jdk.accessibility jdk.internal.jvmstat jdk.attach jdk.charsets jdk.internal.opt jdk.zipfs jdk.compiler jdk.crypto.ec jdk.crypto.cryptoki jdk.crypto.mscapi jdk.dynalink jdk.internal.ed jdk.editpad jdk.hotspot.agent jdk.httpserver jdk.internal.le jdk.internal.vm.ci jdk.internal.vm.compiler jdk.internal.vm.compiler.management jdk.jartool jdk.javadoc jdk.jcmd jdk.management jdk.management.agent jdk.jconsole jdk.jdeps jdk.jdwp.agent jdk.jdi jdk.jfr jdk.jshell jdk.jsobject jdk.jstatd jdk.localedata jdk.management.jfr jdk.naming.dns jdk.naming.rmi jdk.net jdk.nio.mapmode jdk.random jdk.sctp jdk.security.auth jdk.security.jgss jdk.unsupported jdk.unsupported.desktop jdk.xml.dom" 

Environment Variables:
JAVA_HOME=C:\Program Files\Eclipse Adoptium\jdk-21.0.12.101-hotspot\
PATH=C:\Program Files\Eclipse Adoptium\jdk-21.0.12.101-hotspot\bin;C:\Program Files\Common Files\Oracle\Java\javapath;C:\Program Files\Eclipse Adoptium\jdk-17.0.20.101-hotspot\bin;C:\WINDOWS\system32;C:\WINDOWS;C:\WINDOWS\System32\Wbem;C:\WINDOWS\System32\WindowsPowerShell\v1.0\;C:\WINDOWS\System32\OpenSSH\;C:\Program Files (x86)\Microsoft SQL Server\160\Tools\Binn\;C:\Program Files\Microsoft SQL Server\160\Tools\Binn\;C:\Program Files\Microsoft SQL Server\Client SDK\ODBC\170\Tools\Binn\;C:\Program Files\Microsoft SQL Server\160\DTS\Binn\;C:\Program Files (x86)\Microsoft SQL Server\160\DTS\Binn\;C:\Program Files\Microsoft SQL Server\170\Tools\Binn\;C:\Program Files\dotnet\;C:\Program Files (x86)\Windows Kits\10\Windows Performance Toolkit\;C:\Program Files\;C:\Program Files\Git\cmd;C:\Users\HNC140923\AppData\Local\Microsoft\WindowsApps;C:\Users\HNC140923\AppData\Local\Programs\Microsoft VS Code\bin;C:\Users\HNC140923\.dotnet\tools;C:\Users\HNC140923\AppData\Local\GitHubDesktop\bin;C:\Users\HNC140923\AppData\Roaming\npm
USERNAME=HNC140923
OS=Windows_NT
PROCESSOR_IDENTIFIER=Intel64 Family 6 Model 126 Stepping 5, GenuineIntel
TMP=C:\Users\HNC140~1\AppData\Local\Temp
TEMP=C:\Users\HNC140~1\AppData\Local\Temp




Periodic native trim disabled

---------------  S Y S T E M  ---------------

OS:
 Windows 11 , 64 bit Build 26100 (10.0.26100.9168)
OS uptime: 0 days 7:38 hours

CPU: total 4 (initial active 4) (2 cores per cpu, 2 threads per core) family 6 model 126 stepping 5 microcode 0xa6, cx8, cmov, fxsr, ht, mmx, 3dnowpref, sse, sse2, sse3, ssse3, sse4.1, sse4.2, popcnt, lzcnt, tsc, tscinvbit, avx, avx2, aes, erms, clmul, bmi1, bmi2, adx, avx512f, avx512dq, avx512cd, avx512bw, avx512vl, sha, fma, vzeroupper, avx512_vpopcntdq, avx512_vpclmulqdq, avx512_vaes, avx512_vnni, clflush, clflushopt, avx512_vbmi2, avx512_vbmi, rdtscp, rdpid, fsrm, gfni, avx512_bitalg, f16c, pku, avx512_ifma
Processor Information for the first 4 processors :
  Max Mhz: 1190, Current Mhz: 1190, Mhz Limit: 1190

Memory: 4k page, system-wide physical 3891M (201M free)
TotalPageFile size 15667M (AvailPageFile size 22M)
current process WorkingSet (physical memory assigned to process): 142M, peak: 142M
current process commit charge ("private bytes"): 264M, peak: 266M

vm_info: OpenJDK 64-Bit Server VM (21.0.12.1+1-LTS) for windows-amd64 JRE (21.0.12.1+1-LTS), built on 2026-08-18T00:00:00Z by "admin" with MS VC++ 17.12 (VS2022)

END.
